[
  {
    "id": 4248,
    "date": "2020-06-15T10:13:05",
    "date_gmt": "2020-06-15T10:13:05",
    "guid": {
      "rendered": "http://php.foobrdigital.com/?p=300"
    },
    "modified": "2020-06-15T10:13:05",
    "modified_gmt": "2020-06-15T10:13:05",
    "slug": "introduction-3-2",
    "status": "publish",
    "type": "post",
    "link": "https://computerprogramming.foobrdigital.com/introduction-3-2/",
    "title": {
      "rendered": "Introduction"
    },
    "content": {
      "rendered": "\n<h2>What is a Database?</h2>\n\n\n\n<p>A database is a separate application that stores a collection of data. Each database has one or more distinct APIs for creating, accessing, managing, searching and replicating the data it holds.</p>\n\n\n\n<p>Other kinds of data stores can also be used, such as files on the file system or large hash tables in memory but data fetching and writing would not be so fast and easy with those type of systems.</p>\n\n\n\n<p>Nowadays, we use relational database management systems (RDBMS) to store and manage huge volume of data. This is called relational database because all the data is stored into different tables and relations are established using primary keys or other keys known as&nbsp;<strong>Foreign Keys</strong>.</p>\n\n\n\n<p>A&nbsp;<strong>Relational DataBase Management System (RDBMS)</strong>&nbsp;is a software that −</p>\n\n\n\n<ul><li>Enables you to implement a database with tables, columns and indexes.</li><li>Guarantees the Referential Integrity between rows of various tables.</li><li>Updates the indexes automatically.</li><li>Interprets an SQL query and combines information from various tables.</li></ul>\n\n\n\n<h2>RDBMS Terminology</h2>\n\n\n\n<p>Before we proceed to explain the MySQL database system, let us revise a few definitions related to the database.</p>\n\n\n\n<ul><li><strong>Database</strong>&nbsp;− A database is a collection of tables, with related data.</li><li><strong>Table</strong>&nbsp;− A table is a matrix with data. A table in a database looks like a simple spreadsheet.</li><li><strong>Column</strong>&nbsp;− One column (data element) contains data of one and the same kind, for example the column postcode.</li><li><strong>Row</strong>&nbsp;− A row (= tuple, entry or record) is a group of related data, for example the data of one subscription.</li><li><strong>Redundancy</strong>&nbsp;− Storing data twice, redundantly to make the system faster.</li><li><strong>Primary Key</strong>&nbsp;− A primary key is unique. A key value can not occur twice in one table. With a key, you can only find one row.</li><li><strong>Foreign Key</strong>&nbsp;− A foreign key is the linking pin between two tables.</li><li><strong>Compound Key</strong>&nbsp;− A compound key (composite key) is a key that consists of multiple columns, because one column is not sufficiently unique.</li><li><strong>Index</strong>&nbsp;− An index in a database resembles an index at the back of a book.</li><li><strong>Referential Integrity</strong>&nbsp;− Referential Integrity makes sure that a foreign key value always points to an existing row.</li></ul>\n\n\n\n<h2>MySQL Database</h2>\n\n\n\n<p>MySQL is a fast, easy-to-use RDBMS being used for many small and big businesses. MySQL is developed, marketed and supported by MySQL AB, which is a Swedish company. MySQL is becoming so popular because of many good reasons −</p>\n\n\n\n<ul><li>MySQL is released under an open-source license. So you have nothing to pay to use it.</li><li>MySQL is a very powerful program in its own right. It handles a large subset of the functionality of the most expensive and powerful database packages.</li><li>MySQL uses a standard form of the well-known SQL data language.</li><li>MySQL works on many operating systems and with many languages including PHP, PERL, C, C++, JAVA, etc.</li><li>MySQL works very quickly and works well even with large data sets.</li><li>MySQL is very friendly to PHP, the most appreciated language for web development.</li><li>MySQL supports large databases, up to 50 million rows or more in a table. The default file size limit for a table is 4GB, but you can increase this (if your operating system can handle it) to a theoretical limit of 8 million terabytes (TB).</li><li>MySQL is customizable. The open-source GPL license allows programmers to modify the MySQL software to fit their own specific environments.</li></ul>\n\n\n\n<h2>Before You Begin</h2>\n\n\n\n<p>Before you begin this tutorial, you should have a basic knowledge of the information covered in our PHP and HTML tutorials.</p>\n\n\n\n<p>This tutorial focuses heavily on using MySQL in a PHP environment. Many examples given in this tutorial will be useful for PHP Programmers.</p>\n\n\n\n<p>We recommend you check our PHP Tutorial for your reference.</p>\n",
      "protected": false
    },
    "excerpt": {
      "rendered": "<p>What is a Database? A database is a separate application that stores a collection of data. Each database has one or more distinct APIs for creating, accessing, managing, searching and replicating the data it holds. Other kinds of data stores can also be used, such as files on the file system or large hash tables [&hellip;]</p>\n",
      "protected": false
    },
    "author": 1,
    "featured_media": 0,
    "comment_status": "open",
    "ping_status": "open",
    "sticky": false,
    "template": "",
    "format": "standard",
    "meta": [],
    "categories": [
      27
    ],
    "tags": [],
    "_links": {
      "self": [
        {
          "href": "https://computerprogramming.foobrdigital.com/wp-json/wp/v2/posts/4248"
        }
      ],
      "collection": [
        {
          "href": "https://computerprogramming.foobrdigital.com/wp-json/wp/v2/posts"
        }
      ],
      "about": [
        {
          "href": "https://computerprogramming.foobrdigital.com/wp-json/wp/v2/types/post"
        }
      ],
      "author": [
        {
          "embeddable": true,
          "href": "https://computerprogramming.foobrdigital.com/wp-json/wp/v2/users/1"
        }
      ],
      "replies": [
        {
          "embeddable": true,
          "href": "https://computerprogramming.foobrdigital.com/wp-json/wp/v2/comments?post=4248"
        }
      ],
      "version-history": [
        {
          "count": 0,
          "href": "https://computerprogramming.foobrdigital.com/wp-json/wp/v2/posts/4248/revisions"
        }
      ],
      "wp:attachment": [
        {
          "href": "https://computerprogramming.foobrdigital.com/wp-json/wp/v2/media?parent=4248"
        }
      ],
      "wp:term": [
        {
          "taxonomy": "category",
          "embeddable": true,
          "href": "https://computerprogramming.foobrdigital.com/wp-json/wp/v2/categories?post=4248"
        },
        {
          "taxonomy": "post_tag",
          "embeddable": true,
          "href": "https://computerprogramming.foobrdigital.com/wp-json/wp/v2/tags?post=4248"
        }
      ],
      "curies": [
        {
          "name": "wp",
          "href": "https://api.w.org/{rel}",
          "templated": true
        }
      ]
    }
  },
  {
    "id": 4249,
    "date": "2020-06-15T10:15:21",
    "date_gmt": "2020-06-15T10:15:21",
    "guid": {
      "rendered": "http://php.foobrdigital.com/?p=301"
    },
    "modified": "2020-06-15T10:15:21",
    "modified_gmt": "2020-06-15T10:15:21",
    "slug": "installation-4",
    "status": "publish",
    "type": "post",
    "link": "https://computerprogramming.foobrdigital.com/installation-4/",
    "title": {
      "rendered": "Installation"
    },
    "content": {
      "rendered": "\n<p>All downloads for MySQL are located at MySQL Downloads. Pick the version number of <strong>MySQL Community Server</strong> which is required along with the platform you will be running it on.</p>\n\n\n\n<h2>Installing MySQL on Linux/UNIX</h2>\n\n\n\n<p>The recommended way to install MySQL on a Linux system is via RPM. MySQL AB makes the following RPMs available for download on its website −</p>\n\n\n\n<ul><li><strong>MySQL</strong>&nbsp;− The MySQL database server manages the databases and tables, controls user access and processes the SQL queries.</li><li><strong>MySQL-client</strong>&nbsp;− MySQL client programs, which make it possible to connect to and interact with the server.</li><li><strong>MySQL-devel</strong>&nbsp;− Libraries and header files that come in handy when compiling other programs that use MySQL.</li><li><strong>MySQL-shared</strong>&nbsp;− Shared libraries for the MySQL client.</li><li><strong>MySQL-bench</strong>&nbsp;− Benchmark and performance testing tools for the MySQL database server.</li></ul>\n\n\n\n<p>The MySQL RPMs listed here are all built on a&nbsp;<strong>SuSE Linux system</strong>, but they will usually work on other Linux variants with no difficulty.</p>\n\n\n\n<p>Now, you will need to adhere to the steps given below, to proceed with the installation −</p>\n\n\n\n<ul><li>Login to the system using the <strong>root</strong> user.</li><li>Switch to the directory containing the RPMs.</li><li>Install the MySQL database server by executing the following command. Remember to replace the filename in italics with the file name of your RPM.</li></ul>\n\n\n\n<pre class=\"wp-block-code\"><code>&#91;root@host]# rpm -i MySQL-5.0.9-0.i386.rpm\n</code></pre>\n\n\n\n<p>The above command takes care of installing the MySQL server, creating a user of MySQL, creating necessary configuration and starting the MySQL server automatically.</p>\n\n\n\n<p>You can find all the MySQL related binaries in /usr/bin and /usr/sbin. All the tables and databases will be created in the /var/lib/mysql directory.</p>\n\n\n\n<p>The following code box has an optional but recommended step to install the remaining RPMs in the same manner −</p>\n\n\n\n<pre class=\"wp-block-code\"><code>&#91;root@host]# rpm -i MySQL-client-5.0.9-0.i386.rpm\n&#91;root@host]# rpm -i MySQL-devel-5.0.9-0.i386.rpm\n&#91;root@host]# rpm -i MySQL-shared-5.0.9-0.i386.rpm\n&#91;root@host]# rpm -i MySQL-bench-5.0.9-0.i386.rpm</code></pre>\n\n\n\n<h2>Installing MySQL on Windows</h2>\n\n\n\n<p>The default installation on any version of Windows is now much easier than it used to be, as MySQL now comes neatly packaged with an installer. Simply download the installer package, unzip it anywhere and run the setup.exe file.</p>\n\n\n\n<p>The default installer setup.exe will walk you through the trivial process and by default will install everything under C:\\mysql.</p>\n\n\n\n<p>Test the server by firing it up from the command prompt the first time. Go to the location of the <strong>mysqld server</strong> which is probably C:\\mysql\\bin, and type −</p>\n\n\n\n<pre class=\"wp-block-code\"><code>mysqld.exe --console\n</code></pre>\n\n\n\n<p><strong>NOTE</strong>&nbsp;− If you are on NT, then you will have to use mysqld-nt.exe instead of mysqld.exe</p>\n\n\n\n<p>If all went well, you will see some messages about startup and&nbsp;<strong>InnoDB</strong>. If not, you may have a permissions issue. Make sure that the directory that holds your data is accessible to whatever user (probably MySQL) the database processes run under.</p>\n\n\n\n<p>MySQL will not add itself to the start menu, and there is no particularly nice GUI way to stop the server either. Therefore, if you tend to start the server by double clicking the mysqld executable, you should remember to halt the process by hand by using mysqladmin, Task List, Task Manager, or other Windows-specific means.</p>\n\n\n\n<h2>Verifying MySQL Installation</h2>\n\n\n\n<p>After MySQL, has been successfully installed, the base tables have been initialized and the server has been started: you can verify that everything is working as it should be via some simple tests.</p>\n\n\n\n<h3>Use the mysqladmin Utility to Obtain Server Status</h3>\n\n\n\n<p>Use <strong>mysqladmin</strong> binary to check the server version. This binary would be available in /usr/bin on linux and in C:\\mysql\\bin on windows.</p>\n\n\n\n<pre class=\"wp-block-code\"><code>&#91;root@host]# mysqladmin --version\n</code></pre>\n\n\n\n<p>It will produce the following result on Linux. It may vary depending on your installation −</p>\n\n\n\n<pre class=\"wp-block-code\"><code>mysqladmin  Ver 8.23 Distrib 5.0.9-0, for redhat-linux-gnu on i386\n</code></pre>\n\n\n\n<p>If you do not get such a message, then there may be some problem in your installation and you would need some help to fix it.</p>\n\n\n\n<h3>Execute simple SQL commands using the MySQL Client</h3>\n\n\n\n<p>You can connect to your MySQL server through the MySQL client and by using the&nbsp;<strong>mysql</strong>command. At this moment, you do not need to give any password as by default it will be set as blank.</p>\n\n\n\n<p>You can just use following command −</p>\n\n\n\n<pre class=\"wp-block-code\"><code>&#91;root@host]# mysql\n</code></pre>\n\n\n\n<p>It should be rewarded with a mysql> prompt. Now, you are connected to the MySQL server and you can execute all the SQL commands at the mysql> prompt as follows −</p>\n\n\n\n<pre class=\"wp-block-code\"><code>mysql> SHOW DATABASES;\n+----------+\n| Database |\n+----------+\n|   mysql  | \n|   test   |  \n+----------+\n2 rows in set (0.13 sec)</code></pre>\n\n\n\n<h2>Post-installation Steps</h2>\n\n\n\n<p>MySQL ships with a blank password for the root MySQL user. As soon as you have successfully installed the database and the client, you need to set a root password as given in the following code block −</p>\n\n\n\n<pre class=\"wp-block-code\"><code>&#91;root@host]# mysqladmin -u root password \"new_password\";\n</code></pre>\n\n\n\n<p>Now to make a connection to your MySQL server, you would have to use the following command −</p>\n\n\n\n<pre class=\"wp-block-code\"><code>&#91;root@host]# mysql -u root -p\nEnter password:*******</code></pre>\n\n\n\n<p>UNIX users will also want to put your MySQL directory in your PATH, so you won&#8217;t have to keep typing out the full path everytime you want to use the command-line client.</p>\n\n\n\n<p>For bash, it would be something like −</p>\n\n\n\n<pre class=\"wp-block-code\"><code>export PATH = $PATH:/usr/bin:/usr/sbin\n</code></pre>\n\n\n\n<h2>Running MySQL at Boot Time</h2>\n\n\n\n<p>If you want to run the MySQL server at boot time, then make sure you have the following entry in the /etc/rc.local file.</p>\n\n\n\n<pre class=\"wp-block-code\"><code>/etc/init.d/mysqld start\n</code></pre>\n\n\n\n<p>Also,you should have the mysqld binary in the /etc/init.d/ directory.</p>\n",
      "protected": false
    },
    "excerpt": {
      "rendered": "<p>All downloads for MySQL are located at MySQL Downloads. Pick the version number of MySQL Community Server which is required along with the platform you will be running it on. Installing MySQL on Linux/UNIX The recommended way to install MySQL on a Linux system is via RPM. MySQL AB makes the following RPMs available for download on its [&hellip;]</p>\n",
      "protected": false
    },
    "author": 1,
    "featured_media": 0,
    "comment_status": "open",
    "ping_status": "open",
    "sticky": false,
    "template": "",
    "format": "standard",
    "meta": [],
    "categories": [
      27
    ],
    "tags": [],
    "_links": {
      "self": [
        {
          "href": "https://computerprogramming.foobrdigital.com/wp-json/wp/v2/posts/4249"
        }
      ],
      "collection": [
        {
          "href": "https://computerprogramming.foobrdigital.com/wp-json/wp/v2/posts"
        }
      ],
      "about": [
        {
          "href": "https://computerprogramming.foobrdigital.com/wp-json/wp/v2/types/post"
        }
      ],
      "author": [
        {
          "embeddable": true,
          "href": "https://computerprogramming.foobrdigital.com/wp-json/wp/v2/users/1"
        }
      ],
      "replies": [
        {
          "embeddable": true,
          "href": "https://computerprogramming.foobrdigital.com/wp-json/wp/v2/comments?post=4249"
        }
      ],
      "version-history": [
        {
          "count": 0,
          "href": "https://computerprogramming.foobrdigital.com/wp-json/wp/v2/posts/4249/revisions"
        }
      ],
      "wp:attachment": [
        {
          "href": "https://computerprogramming.foobrdigital.com/wp-json/wp/v2/media?parent=4249"
        }
      ],
      "wp:term": [
        {
          "taxonomy": "category",
          "embeddable": true,
          "href": "https://computerprogramming.foobrdigital.com/wp-json/wp/v2/categories?post=4249"
        },
        {
          "taxonomy": "post_tag",
          "embeddable": true,
          "href": "https://computerprogramming.foobrdigital.com/wp-json/wp/v2/tags?post=4249"
        }
      ],
      "curies": [
        {
          "name": "wp",
          "href": "https://api.w.org/{rel}",
          "templated": true
        }
      ]
    }
  },
  {
    "id": 4246,
    "date": "2020-06-15T10:19:09",
    "date_gmt": "2020-06-15T10:19:09",
    "guid": {
      "rendered": "http://php.foobrdigital.com/?p=298"
    },
    "modified": "2020-06-15T10:19:09",
    "modified_gmt": "2020-06-15T10:19:09",
    "slug": "administration",
    "status": "publish",
    "type": "post",
    "link": "https://computerprogramming.foobrdigital.com/administration/",
    "title": {
      "rendered": "Administration"
    },
    "content": {
      "rendered": "\n<h2>Running and Shutting down MySQL Server</h2>\n\n\n\n<p>First check if your MySQL server is running or not. You can use the following command to check it −</p>\n\n\n\n<pre class=\"wp-block-code\"><code>ps -ef | grep mysqld\n</code></pre>\n\n\n\n<p>If your MySql is running, then you will see <strong>mysqld</strong> process listed out in your result. If server is not running, then you can start it by using the following command −</p>\n\n\n\n<pre class=\"wp-block-code\"><code>root@host# cd /usr/bin\n./safe_mysqld &amp;</code></pre>\n\n\n\n<p>Now, if you want to shut down an already running MySQL server, then you can do it by using the following command −</p>\n\n\n\n<pre class=\"wp-block-code\"><code>root@host# cd /usr/bin\n./mysqladmin -u root -p shutdown\nEnter password: ******</code></pre>\n\n\n\n<h2>Setting Up a MySQL User Account</h2>\n\n\n\n<p>For adding a new user to MySQL, you just need to add a new entry to the&nbsp;<strong>user</strong>&nbsp;table in the database&nbsp;<strong>mysql</strong>.</p>\n\n\n\n<p>The following program is an example of adding a new user <strong>guest</strong> with SELECT, INSERT and UPDATE privileges with the password <strong>guest123;</strong> the SQL query is −</p>\n\n\n\n<pre class=\"wp-block-code\"><code>root@host# mysql -u root -p\nEnter password:*******\nmysql> use mysql;\nDatabase changed\n\nmysql> INSERT INTO user \n   (host, user, password, \n   select_priv, insert_priv, update_priv) \n   VALUES ('localhost', 'guest', \n   PASSWORD('guest123'), 'Y', 'Y', 'Y');\nQuery OK, 1 row affected (0.20 sec)\n\nmysql> FLUSH PRIVILEGES;\nQuery OK, 1 row affected (0.01 sec)\n\nmysql> SELECT host, user, password FROM user WHERE user = 'guest';\n+-----------+---------+------------------+\n|    host   |   user  |     password     |    \n+-----------+---------+------------------+\n| localhost |  guest  | 6f8c114b58f2ce9e |\n+-----------+---------+------------------+\n1 row in set (0.00 sec)</code></pre>\n\n\n\n<p>When adding a new user, remember to encrypt the new password using PASSWORD() function provided by MySQL. As you can see in the above example, the password mypass is encrypted to 6f8c114b58f2ce9e.</p>\n\n\n\n<p>Notice the FLUSH PRIVILEGES statement. This tells the server to reload the grant tables. If you don&#8217;t use it, then you won&#8217;t be able to connect to MySQL using the new user account at least until the server is rebooted.</p>\n\n\n\n<p>You can also specify other privileges to a new user by setting the values of following columns in user table to &#8216;Y&#8217; when executing the INSERT query or you can update them later using UPDATE query.</p>\n\n\n\n<ul><li>Select_priv</li><li>Insert_priv</li><li>Update_priv</li><li>Delete_priv</li><li>Create_priv</li><li>Drop_priv</li><li>Reload_priv</li><li>Shutdown_priv</li><li>Process_priv</li><li>File_priv</li><li>Grant_priv</li><li>References_priv</li><li>Index_priv</li><li>Alter_priv</li></ul>\n\n\n\n<p>Another way of adding user account is by using GRANT SQL command. The following example will add user <strong>zara</strong> with password <strong>zara123</strong> for a particular database, which is named as <strong>TUTORIALS</strong>.</p>\n\n\n\n<pre class=\"wp-block-code\"><code>root@host# mysql -u root -p password;\nEnter password:*******\nmysql> use mysql;\nDatabase changed\n\nmysql> GRANT SELECT,INSERT,UPDATE,DELETE,CREATE,DROP\n   -> ON TUTORIALS.*\n   -> TO 'zara'@'localhost'\n   -> IDENTIFIED BY 'zara123';</code></pre>\n\n\n\n<p>This will also create an entry in the MySQL database table called as&nbsp;<strong>user</strong>.</p>\n\n\n\n<p><strong>NOTE</strong>&nbsp;− MySQL does not terminate a command until you give a semi colon (;) at the end of the SQL command.</p>\n\n\n\n<h3>The /etc/my.cnf File Configuration</h3>\n\n\n\n<p>In most of the cases, you should not touch this file. By default, it will have the following entries −</p>\n\n\n\n<pre class=\"wp-block-code\"><code>&#91;mysqld]\ndatadir = /var/lib/mysql\nsocket = /var/lib/mysql/mysql.sock\n\n&#91;mysql.server]\nuser = mysql\nbasedir = /var/lib\n\n&#91;safe_mysqld]\nerr-log = /var/log/mysqld.log\npid-file = /var/run/mysqld/mysqld.pid</code></pre>\n\n\n\n<p>Here, you can specify a different directory for the error log, otherwise you should not change any entry in this table.</p>\n\n\n\n<h2>Administrative MySQL Command</h2>\n\n\n\n<p>Here is the list of the important MySQL commands, which you will use time to time to work with MySQL database −</p>\n\n\n\n<ul><li><strong>USE Databasename</strong>&nbsp;− This will be used to select a database in the MySQL workarea.</li><li><strong>SHOW DATABASES</strong>&nbsp;− Lists out the databases that are accessible by the MySQL DBMS.</li><li><strong>SHOW TABLES</strong>&nbsp;− Shows the tables in the database once a database has been selected with the use command.</li><li><strong>SHOW COLUMNS FROM&nbsp;<em>tablename:</em></strong>&nbsp;Shows the attributes, types of attributes, key information, whether NULL is permitted, defaults, and other information for a table.</li><li><strong>SHOW INDEX FROM tablename</strong>&nbsp;− Presents the details of all indexes on the table, including the PRIMARY KEY.</li><li><strong>SHOW TABLE STATUS LIKE tablename\\G</strong>&nbsp;− Reports details of the MySQL DBMS performance and statistics.</li></ul>\n\n\n\n<p>In the next chapter, we will discuss regarding how PHP Syntax is used in MySQL.</p>\n",
      "protected": false
    },
    "excerpt": {
      "rendered": "<p>Running and Shutting down MySQL Server First check if your MySQL server is running or not. You can use the following command to check it − If your MySql is running, then you will see mysqld process listed out in your result. If server is not running, then you can start it by using the following command [&hellip;]</p>\n",
      "protected": false
    },
    "author": 1,
    "featured_media": 0,
    "comment_status": "open",
    "ping_status": "open",
    "sticky": false,
    "template": "",
    "format": "standard",
    "meta": [],
    "categories": [
      27
    ],
    "tags": [],
    "_links": {
      "self": [
        {
          "href": "https://computerprogramming.foobrdigital.com/wp-json/wp/v2/posts/4246"
        }
      ],
      "collection": [
        {
          "href": "https://computerprogramming.foobrdigital.com/wp-json/wp/v2/posts"
        }
      ],
      "about": [
        {
          "href": "https://computerprogramming.foobrdigital.com/wp-json/wp/v2/types/post"
        }
      ],
      "author": [
        {
          "embeddable": true,
          "href": "https://computerprogramming.foobrdigital.com/wp-json/wp/v2/users/1"
        }
      ],
      "replies": [
        {
          "embeddable": true,
          "href": "https://computerprogramming.foobrdigital.com/wp-json/wp/v2/comments?post=4246"
        }
      ],
      "version-history": [
        {
          "count": 0,
          "href": "https://computerprogramming.foobrdigital.com/wp-json/wp/v2/posts/4246/revisions"
        }
      ],
      "wp:attachment": [
        {
          "href": "https://computerprogramming.foobrdigital.com/wp-json/wp/v2/media?parent=4246"
        }
      ],
      "wp:term": [
        {
          "taxonomy": "category",
          "embeddable": true,
          "href": "https://computerprogramming.foobrdigital.com/wp-json/wp/v2/categories?post=4246"
        },
        {
          "taxonomy": "post_tag",
          "embeddable": true,
          "href": "https://computerprogramming.foobrdigital.com/wp-json/wp/v2/tags?post=4246"
        }
      ],
      "curies": [
        {
          "name": "wp",
          "href": "https://api.w.org/{rel}",
          "templated": true
        }
      ]
    }
  },
  {
    "id": 4244,
    "date": "2020-06-15T10:20:17",
    "date_gmt": "2020-06-15T10:20:17",
    "guid": {
      "rendered": "http://php.foobrdigital.com/?p=296"
    },
    "modified": "2020-06-15T10:20:17",
    "modified_gmt": "2020-06-15T10:20:17",
    "slug": "php-syntax",
    "status": "publish",
    "type": "post",
    "link": "https://computerprogramming.foobrdigital.com/php-syntax/",
    "title": {
      "rendered": "PHP Syntax"
    },
    "content": {
      "rendered": "\n<p>MySQL works very well in combination of various programming languages like PERL, C, C++, JAVA and PHP. Out of these languages, PHP is the most popular one because of its web application development capabilities.</p>\n\n\n\n<p>This tutorial focuses heavily on using MySQL in a PHP environment. If you are interested in MySQL with PERL, then you can consider reading the PERL Tutorial.</p>\n\n\n\n<p>PHP provides various functions to access the MySQL database and to manipulate the data records inside the MySQL database. You would require to call the PHP functions in the same way you call any other PHP function.</p>\n\n\n\n<p>The PHP functions for use with MySQL have the following general format −</p>\n\n\n\n<pre class=\"wp-block-code\"><code>mysql_function(value,value,...);\n</code></pre>\n\n\n\n<p>The second part of the function name is specific to the function, usually a word that describes what the function does. The following are two of the functions, which we will use in our tutorial −</p>\n\n\n\n<pre class=\"wp-block-code\"><code>mysqli_connect($connect);\nmysqli_query($connect,\"SQL statement\");</code></pre>\n\n\n\n<p>The following example shows a generic syntax of PHP to call any MySQL function.</p>\n\n\n\n<pre class=\"wp-block-code\"><code>&lt;html>\n   &lt;head>\n      &lt;title>PHP with MySQL&lt;/title>\n   &lt;/head>\n   \n   &lt;body>\n      &lt;?php\n         $retval = mysql_function(value, &#91;value,...]);\n         if( !$retval ) {\n            die ( \"Error: a related error message\" );\n         }\n         // Otherwise MySQL  or PHP Statements\n      ?>\n   &lt;/body>\n&lt;/html></code></pre>\n\n\n\n<p>Starting from the next chapter, we will see all the important MySQL functionality along with PHP.</p>\n",
      "protected": false
    },
    "excerpt": {
      "rendered": "<p>MySQL works very well in combination of various programming languages like PERL, C, C++, JAVA and PHP. Out of these languages, PHP is the most popular one because of its web application development capabilities. This tutorial focuses heavily on using MySQL in a PHP environment. If you are interested in MySQL with PERL, then you [&hellip;]</p>\n",
      "protected": false
    },
    "author": 1,
    "featured_media": 0,
    "comment_status": "open",
    "ping_status": "open",
    "sticky": false,
    "template": "",
    "format": "standard",
    "meta": [],
    "categories": [
      27
    ],
    "tags": [],
    "_links": {
      "self": [
        {
          "href": "https://computerprogramming.foobrdigital.com/wp-json/wp/v2/posts/4244"
        }
      ],
      "collection": [
        {
          "href": "https://computerprogramming.foobrdigital.com/wp-json/wp/v2/posts"
        }
      ],
      "about": [
        {
          "href": "https://computerprogramming.foobrdigital.com/wp-json/wp/v2/types/post"
        }
      ],
      "author": [
        {
          "embeddable": true,
          "href": "https://computerprogramming.foobrdigital.com/wp-json/wp/v2/users/1"
        }
      ],
      "replies": [
        {
          "embeddable": true,
          "href": "https://computerprogramming.foobrdigital.com/wp-json/wp/v2/comments?post=4244"
        }
      ],
      "version-history": [
        {
          "count": 0,
          "href": "https://computerprogramming.foobrdigital.com/wp-json/wp/v2/posts/4244/revisions"
        }
      ],
      "wp:attachment": [
        {
          "href": "https://computerprogramming.foobrdigital.com/wp-json/wp/v2/media?parent=4244"
        }
      ],
      "wp:term": [
        {
          "taxonomy": "category",
          "embeddable": true,
          "href": "https://computerprogramming.foobrdigital.com/wp-json/wp/v2/categories?post=4244"
        },
        {
          "taxonomy": "post_tag",
          "embeddable": true,
          "href": "https://computerprogramming.foobrdigital.com/wp-json/wp/v2/tags?post=4244"
        }
      ],
      "curies": [
        {
          "name": "wp",
          "href": "https://api.w.org/{rel}",
          "templated": true
        }
      ]
    }
  },
  {
    "id": 4254,
    "date": "2020-06-15T10:21:37",
    "date_gmt": "2020-06-15T10:21:37",
    "guid": {
      "rendered": "http://php.foobrdigital.com/?p=306"
    },
    "modified": "2020-06-15T10:21:37",
    "modified_gmt": "2020-06-15T10:21:37",
    "slug": "connection",
    "status": "publish",
    "type": "post",
    "link": "https://computerprogramming.foobrdigital.com/connection/",
    "title": {
      "rendered": "Connection"
    },
    "content": {
      "rendered": "\n<h2>MySQL Connection Using MySQL Binary</h2>\n\n\n\n<p>You can establish the MySQL database using the&nbsp;<strong>mysql</strong>&nbsp;binary at the command prompt.</p>\n\n\n\n<h3>Example</h3>\n\n\n\n<p>Here is a simple example to connect to the MySQL server from the command prompt −</p>\n\n\n\n<pre class=\"wp-block-code\"><code>&#91;root@host]# mysql -u root -p\nEnter password:******\n﻿</code></pre>\n\n\n\n<p>This will give you the mysql&gt; command prompt where you will be able to execute any SQL command. Following is the result of above command −</p>\n\n\n\n<p>The following code block shows the result of above code −</p>\n\n\n\n<pre class=\"wp-block-code\"><code>Welcome to the MySQL monitor.  Commands end with ; or \\g.\nYour MySQL connection id is 2854760 to server version: 5.0.9\n\nType 'help;' or '\\h' for help. Type '\\c' to clear the buffer.</code></pre>\n\n\n\n<p>In the above example, we have used&nbsp;<strong>root</strong>&nbsp;as a user but you can use any other user as well. Any user will be able to perform all the SQL operations, which are allowed to that user.</p>\n\n\n\n<p>You can disconnect from the MySQL database any time using the <strong>exit</strong> command at mysql> prompt.</p>\n\n\n\n<pre class=\"wp-block-code\"><code>mysql> exit\nBye</code></pre>\n\n\n\n<h2>MySQL Connection Using PHP Script</h2>\n\n\n\n<p>PHP provides&nbsp;<strong>mysql_connect()</strong>&nbsp;function to open a database connection. This function takes five parameters and returns a MySQL link identifier on success or FALSE on failure.</p>\n\n\n\n<h3>Syntax</h3>\n\n\n\n<pre class=\"wp-block-preformatted\">connection mysql_connect(server,user,passwd,new_link,client_flag);\n</pre>\n\n\n\n<pre class=\"wp-block-table\"><table><tbody><tr><th>Sr.No.</th><th>Parameter &amp; Description</th></tr><tr><td>1</td><td><strong>server</strong>Optional − The host name running the database server. If not specified, then the default value will be&nbsp;<strong>localhost:3306</strong>.</td></tr><tr><td>2</td><td><strong>user</strong>Optional − The username accessing the database. If not specified, then the default will be the name of the user that owns the server process.</td></tr><tr><td>3</td><td><strong>passwd</strong>Optional − The password of the user accessing the database. If not specified, then the default will be an empty password.</td></tr><tr><td>4</td><td><strong>new_link</strong>Optional − If a second call is made to mysql_connect() with the same arguments, no new connection will be established; instead, the identifier of the already opened connection will be returned.</td></tr><tr><td>5</td><td><strong>client_flags</strong>Optional − A combination of the following constants −MYSQL_CLIENT_SSL − Use SSL encryption.MYSQL_CLIENT_COMPRESS − Use compression protocol.MYSQL_CLIENT_IGNORE_SPACE − Allow space after function names.MYSQL_CLIENT_INTERACTIVE − Allow interactive timeout seconds of inactivity before closing the connection.</td></tr></tbody></table></pre>\n\n\n\n<p>You can disconnect from the MySQL database anytime using another PHP function&nbsp;<strong>mysql_close()</strong>. This function takes a single parameter, which is a connection returned by the&nbsp;<strong>mysql_connect()</strong>&nbsp;function.</p>\n\n\n\n<h3>Syntax</h3>\n\n\n\n<pre class=\"wp-block-code\"><code>bool mysql_close ( resource $link_identifier );\n</code></pre>\n\n\n\n<p>If a resource is not specified, then the last opened database is closed. This function returns true if it closes the connection successfully otherwise it returns false.</p>\n\n\n\n<h3>Example</h3>\n\n\n\n<p>Try the following example to connect to a MySQL server −</p>\n\n\n\n<pre class=\"wp-block-code\"><code>&lt;html>\n   &lt;head>\n      &lt;title>Connecting MySQL Server&lt;/title>\n   &lt;/head>\n   &lt;body>\n      &lt;?php\n         $dbhost = 'localhost:3306';\n         $dbuser = 'guest';\n         $dbpass = 'guest123';\n         $conn = mysql_connect($dbhost, $dbuser, $dbpass);\n         \n         if(! $conn ) {\n            die('Could not connect: ' . mysql_error());\n         }\n         echo 'Connected successfully';\n         mysql_close($conn);\n      ?>\n   &lt;/body>\n&lt;/html></code></pre>\n",
      "protected": false
    },
    "excerpt": {
      "rendered": "<p>MySQL Connection Using MySQL Binary You can establish the MySQL database using the&nbsp;mysql&nbsp;binary at the command prompt. Example Here is a simple example to connect to the MySQL server from the command prompt − This will give you the mysql&gt; command prompt where you will be able to execute any SQL command. Following is the [&hellip;]</p>\n",
      "protected": false
    },
    "author": 1,
    "featured_media": 0,
    "comment_status": "open",
    "ping_status": "open",
    "sticky": false,
    "template": "",
    "format": "standard",
    "meta": [],
    "categories": [
      27
    ],
    "tags": [],
    "_links": {
      "self": [
        {
          "href": "https://computerprogramming.foobrdigital.com/wp-json/wp/v2/posts/4254"
        }
      ],
      "collection": [
        {
          "href": "https://computerprogramming.foobrdigital.com/wp-json/wp/v2/posts"
        }
      ],
      "about": [
        {
          "href": "https://computerprogramming.foobrdigital.com/wp-json/wp/v2/types/post"
        }
      ],
      "author": [
        {
          "embeddable": true,
          "href": "https://computerprogramming.foobrdigital.com/wp-json/wp/v2/users/1"
        }
      ],
      "replies": [
        {
          "embeddable": true,
          "href": "https://computerprogramming.foobrdigital.com/wp-json/wp/v2/comments?post=4254"
        }
      ],
      "version-history": [
        {
          "count": 0,
          "href": "https://computerprogramming.foobrdigital.com/wp-json/wp/v2/posts/4254/revisions"
        }
      ],
      "wp:attachment": [
        {
          "href": "https://computerprogramming.foobrdigital.com/wp-json/wp/v2/media?parent=4254"
        }
      ],
      "wp:term": [
        {
          "taxonomy": "category",
          "embeddable": true,
          "href": "https://computerprogramming.foobrdigital.com/wp-json/wp/v2/categories?post=4254"
        },
        {
          "taxonomy": "post_tag",
          "embeddable": true,
          "href": "https://computerprogramming.foobrdigital.com/wp-json/wp/v2/tags?post=4254"
        }
      ],
      "curies": [
        {
          "name": "wp",
          "href": "https://api.w.org/{rel}",
          "templated": true
        }
      ]
    }
  },
  {
    "id": 4258,
    "date": "2020-06-15T10:23:15",
    "date_gmt": "2020-06-15T10:23:15",
    "guid": {
      "rendered": "http://php.foobrdigital.com/?p=310"
    },
    "modified": "2020-06-15T10:23:15",
    "modified_gmt": "2020-06-15T10:23:15",
    "slug": "create-database",
    "status": "publish",
    "type": "post",
    "link": "https://computerprogramming.foobrdigital.com/create-database/",
    "title": {
      "rendered": "Create Database"
    },
    "content": {
      "rendered": "\n<h2>Create Database Using mysqladmin</h2>\n\n\n\n<p>You would need special privileges to create or to delete a MySQL database. So assuming you have access to the root user, you can create any database using the mysql&nbsp;<strong>mysqladmin</strong>&nbsp;binary.</p>\n\n\n\n<h3>Example</h3>\n\n\n\n<p>Here is a simple example to create a database called <strong>TUTORIALS</strong> −</p>\n\n\n\n<pre class=\"wp-block-code\"><code>&#91;root@host]# mysqladmin -u root -p create TUTORIALS\nEnter password:******</code></pre>\n\n\n\n<p>This will create a MySQL database called TUTORIALS.</p>\n\n\n\n<h2>Create a Database using PHP Script</h2>\n\n\n\n<p>PHP uses&nbsp;<strong>mysql_query</strong>&nbsp;function to create or delete a MySQL database. This function takes two parameters and returns TRUE on success or FALSE on failure.</p>\n\n\n\n<h3>Syntax</h3>\n\n\n\n<pre class=\"wp-block-code\"><code>bool mysql_query( sql, connection );</code></pre>\n\n\n\n<pre class=\"wp-block-table\"><table><tbody><tr><th>Sr.No.</th><th>Parameter &amp; Description</th></tr><tr><td>1</td><td><strong>sql</strong>Required - SQL query to create or delete a MySQL database</td></tr><tr><td>2</td><td><strong>connection</strong>Optional - if not specified, then the last opened connection by mysql_connect will be used.</td></tr></tbody></table></pre>\n\n\n\n<h3>Example</h3>\n\n\n\n<p>The following example to create a database −</p>\n\n\n\n<pre class=\"wp-block-code\"><code>&lt;html>\n   &lt;head>\n      &lt;title>Creating MySQL Database&lt;/title>\n   &lt;/head>\n   \n   &lt;body>\n      &lt;?php\n         $dbhost = 'localhost:3036';\n         $dbuser = 'root';\n         $dbpass = 'rootpassword';\n         $conn = mysql_connect($dbhost, $dbuser, $dbpass);\n         \n         if(! $conn ) {\n            die('Could not connect: ' . mysql_error());\n         }\n         echo 'Connected successfully&lt;br />';\n         $sql = 'CREATE DATABASE TUTORIALS';\n         $retval = mysql_query( $sql, $conn );\n         \n         if(! $retval ) {\n            die('Could not create database: ' . mysql_error());\n         }\n         echo \"Database TUTORIALS created successfully\\n\";\n         mysql_close($conn);\n      ?>\n   &lt;/body>\n&lt;/html></code></pre>\n",
      "protected": false
    },
    "excerpt": {
      "rendered": "<p>Create Database Using mysqladmin You would need special privileges to create or to delete a MySQL database. So assuming you have access to the root user, you can create any database using the mysql&nbsp;mysqladmin&nbsp;binary. Example Here is a simple example to create a database called TUTORIALS − This will create a MySQL database called TUTORIALS. Create a [&hellip;]</p>\n",
      "protected": false
    },
    "author": 1,
    "featured_media": 0,
    "comment_status": "open",
    "ping_status": "open",
    "sticky": false,
    "template": "",
    "format": "standard",
    "meta": [],
    "categories": [
      27
    ],
    "tags": [],
    "_links": {
      "self": [
        {
          "href": "https://computerprogramming.foobrdigital.com/wp-json/wp/v2/posts/4258"
        }
      ],
      "collection": [
        {
          "href": "https://computerprogramming.foobrdigital.com/wp-json/wp/v2/posts"
        }
      ],
      "about": [
        {
          "href": "https://computerprogramming.foobrdigital.com/wp-json/wp/v2/types/post"
        }
      ],
      "author": [
        {
          "embeddable": true,
          "href": "https://computerprogramming.foobrdigital.com/wp-json/wp/v2/users/1"
        }
      ],
      "replies": [
        {
          "embeddable": true,
          "href": "https://computerprogramming.foobrdigital.com/wp-json/wp/v2/comments?post=4258"
        }
      ],
      "version-history": [
        {
          "count": 0,
          "href": "https://computerprogramming.foobrdigital.com/wp-json/wp/v2/posts/4258/revisions"
        }
      ],
      "wp:attachment": [
        {
          "href": "https://computerprogramming.foobrdigital.com/wp-json/wp/v2/media?parent=4258"
        }
      ],
      "wp:term": [
        {
          "taxonomy": "category",
          "embeddable": true,
          "href": "https://computerprogramming.foobrdigital.com/wp-json/wp/v2/categories?post=4258"
        },
        {
          "taxonomy": "post_tag",
          "embeddable": true,
          "href": "https://computerprogramming.foobrdigital.com/wp-json/wp/v2/tags?post=4258"
        }
      ],
      "curies": [
        {
          "name": "wp",
          "href": "https://api.w.org/{rel}",
          "templated": true
        }
      ]
    }
  },
  {
    "id": 4252,
    "date": "2020-06-15T10:24:27",
    "date_gmt": "2020-06-15T10:24:27",
    "guid": {
      "rendered": "http://php.foobrdigital.com/?p=304"
    },
    "modified": "2020-06-15T10:24:27",
    "modified_gmt": "2020-06-15T10:24:27",
    "slug": "mysql-database",
    "status": "publish",
    "type": "post",
    "link": "https://computerprogramming.foobrdigital.com/mysql-database/",
    "title": {
      "rendered": "MySQL Database"
    },
    "content": {
      "rendered": "\n<p>You would need special privileges to create or to delete a MySQL database. So, assuming you have access to the root user, you can create any database using the mysql&nbsp;<strong>mysqladmin</strong>&nbsp;binary.</p>\n\n\n\n<p>Be careful while deleting any database because you will lose your all the data available in your database.</p>\n\n\n\n<p>Here is an example to delete a database(TUTORIALS) created in the previous chapter −</p>\n\n\n\n<pre class=\"wp-block-code\"><code>&#91;root@host]# mysqladmin -u root -p drop TUTORIALS\nEnter password:******</code></pre>\n\n\n\n<p>This will give you a warning and it will confirm if you really want to delete this database or not.</p>\n\n\n\n<pre class=\"wp-block-code\"><code>Dropping the database is potentially a very bad thing to do.\nAny data stored in the database will be destroyed.\n\nDo you really want to drop the 'TUTORIALS' database &#91;y/N] y\nDatabase \"TUTORIALS\" dropped\n﻿</code></pre>\n\n\n\n<h2>Drop Database using PHP Script</h2>\n\n\n\n<p>PHP uses&nbsp;<strong>mysql_query</strong>&nbsp;function to create or delete a MySQL database. This function takes two parameters and returns TRUE on success or FALSE on failure.</p>\n\n\n\n<h3>Syntax</h3>\n\n\n\n<pre class=\"wp-block-code\"><code>bool mysql_query( sql, connection );\n</code></pre>\n\n\n\n<pre class=\"wp-block-table\"><table><tbody><tr><th>Sr.No</th><th>Parameter &amp; Description</th></tr><tr><td>1</td><td><strong>sql</strong>Required − SQL query to create or delete a MySQL database</td></tr><tr><td>2</td><td><strong>connection</strong>Optional − if not specified, then the last opened connection by mysql_connect will be used.</td></tr></tbody></table></pre>\n\n\n\n<h3>Example</h3>\n\n\n\n<p>Try the following example to delete a database −</p>\n\n\n\n<pre class=\"wp-block-code\"><code>&lt;html>\n   &lt;head>\n      &lt;title>Deleting MySQL Database&lt;/title>\n   &lt;/head>\n   \n   &lt;body>\n      &lt;?php\n         $dbhost = 'localhost:3036';\n         $dbuser = 'root';\n         $dbpass = 'rootpassword';\n         $conn = mysql_connect($dbhost, $dbuser, $dbpass);\n         \n         if(! $conn ) {\n            die('Could not connect: ' . mysql_error());\n         }\n         echo 'Connected successfully&lt;br />';\n         $sql = 'DROP DATABASE TUTORIALS';\n         $retval = mysql_query( $sql, $conn );\n         \n         if(! $retval ) {\n            die('Could not delete database: ' . mysql_error());\n         }\n         echo \"Database TUTORIALS deleted successfully\\n\";\n         mysql_close($conn);\n      ?>\n   &lt;/body>\n&lt;/html></code></pre>\n\n\n\n<p><strong>WARNING</strong>&nbsp;− While deleting a database using the PHP script, it does not prompt you for any confirmation. So be careful while deleting a MySQL database.</p>\n",
      "protected": false
    },
    "excerpt": {
      "rendered": "<p>You would need special privileges to create or to delete a MySQL database. So, assuming you have access to the root user, you can create any database using the mysql&nbsp;mysqladmin&nbsp;binary. Be careful while deleting any database because you will lose your all the data available in your database. Here is an example to delete a [&hellip;]</p>\n",
      "protected": false
    },
    "author": 1,
    "featured_media": 0,
    "comment_status": "open",
    "ping_status": "open",
    "sticky": false,
    "template": "",
    "format": "standard",
    "meta": [],
    "categories": [
      27
    ],
    "tags": [],
    "_links": {
      "self": [
        {
          "href": "https://computerprogramming.foobrdigital.com/wp-json/wp/v2/posts/4252"
        }
      ],
      "collection": [
        {
          "href": "https://computerprogramming.foobrdigital.com/wp-json/wp/v2/posts"
        }
      ],
      "about": [
        {
          "href": "https://computerprogramming.foobrdigital.com/wp-json/wp/v2/types/post"
        }
      ],
      "author": [
        {
          "embeddable": true,
          "href": "https://computerprogramming.foobrdigital.com/wp-json/wp/v2/users/1"
        }
      ],
      "replies": [
        {
          "embeddable": true,
          "href": "https://computerprogramming.foobrdigital.com/wp-json/wp/v2/comments?post=4252"
        }
      ],
      "version-history": [
        {
          "count": 0,
          "href": "https://computerprogramming.foobrdigital.com/wp-json/wp/v2/posts/4252/revisions"
        }
      ],
      "wp:attachment": [
        {
          "href": "https://computerprogramming.foobrdigital.com/wp-json/wp/v2/media?parent=4252"
        }
      ],
      "wp:term": [
        {
          "taxonomy": "category",
          "embeddable": true,
          "href": "https://computerprogramming.foobrdigital.com/wp-json/wp/v2/categories?post=4252"
        },
        {
          "taxonomy": "post_tag",
          "embeddable": true,
          "href": "https://computerprogramming.foobrdigital.com/wp-json/wp/v2/tags?post=4252"
        }
      ],
      "curies": [
        {
          "name": "wp",
          "href": "https://api.w.org/{rel}",
          "templated": true
        }
      ]
    }
  },
  {
    "id": 4251,
    "date": "2020-06-15T11:03:50",
    "date_gmt": "2020-06-15T11:03:50",
    "guid": {
      "rendered": "http://php.foobrdigital.com/?p=303"
    },
    "modified": "2020-06-15T11:03:50",
    "modified_gmt": "2020-06-15T11:03:50",
    "slug": "selecting-mysql-database",
    "status": "publish",
    "type": "post",
    "link": "https://computerprogramming.foobrdigital.com/selecting-mysql-database/",
    "title": {
      "rendered": "Selecting MySQL Database"
    },
    "content": {
      "rendered": "\n<p>Once you get connected with the MySQL server, it is required to select a database to work with. This is because there might be more than one database available with the MySQL Server.</p>\n\n\n\n<h2>Selecting MySQL Database from the Command Prompt</h2>\n\n\n\n<p>It is very simple to select a database from the mysql&gt; prompt. You can use the SQL command&nbsp;<strong>use</strong>&nbsp;to select a database.</p>\n\n\n\n<h3>Example</h3>\n\n\n\n<p>Here is an example to select a database called <strong>TUTORIALS</strong> −</p>\n\n\n\n<pre class=\"wp-block-code\"><code>&#91;root@host]# mysql -u root -p\nEnter password:******\nmysql> use TUTORIALS;\nDatabase changed\nmysql> </code></pre>\n\n\n\n<p>Now, you have selected the TUTORIALS database and all the subsequent operations will be performed on the TUTORIALS database.</p>\n\n\n\n<p><strong>NOTE</strong>&nbsp;− All the database names, table names, table fields name are case sensitive. So you would have to use the proper names while giving any SQL command.</p>\n\n\n\n<h2>Selecting a MySQL Database Using PHP Script</h2>\n\n\n\n<p>PHP provides function&nbsp;<strong>mysql_select_db</strong>&nbsp;to select a database. It returns TRUE on success or FALSE on failure.</p>\n\n\n\n<h3>Syntax</h3>\n\n\n\n<pre class=\"wp-block-code\"><code>bool mysql_select_db( db_name, connection );\n</code></pre>\n\n\n\n<pre class=\"wp-block-table\"><table><tbody><tr><th>Sr.No.</th><th>Parameter &amp; Description</th></tr><tr><td>1</td><td><strong>db_name</strong>Required − MySQL Database name to be selected</td></tr><tr><td>2</td><td><strong>connection</strong>Optional − if not specified, then the last opened connection by mysql_connect will be used.</td></tr></tbody></table></pre>\n\n\n\n<h3>Example</h3>\n\n\n\n<p>Here is an example showing you how to select a database.</p>\n\n\n\n<pre class=\"wp-block-code\"><code>&lt;html>\n   &lt;head>\n      &lt;title>Selecting MySQL Database&lt;/title>\n   &lt;/head>\n   \n   &lt;body>\n      &lt;?php\n         $dbhost = 'localhost:3036';\n         $dbuser = 'guest';\n         $dbpass = 'guest123';\n         $conn = mysql_connect($dbhost, $dbuser, $dbpass);\n         \n         if(! $conn ) {\n            die('Could not connect: ' . mysql_error());\n         }\n         echo 'Connected successfully';\n         mysql_select_db( 'TUTORIALS' );\n         \n         mysql_close($conn);\n      ?>\n   &lt;/body>\n&lt;/html></code></pre>\n",
      "protected": false
    },
    "excerpt": {
      "rendered": "<p>Once you get connected with the MySQL server, it is required to select a database to work with. This is because there might be more than one database available with the MySQL Server. Selecting MySQL Database from the Command Prompt It is very simple to select a database from the mysql&gt; prompt. You can use [&hellip;]</p>\n",
      "protected": false
    },
    "author": 1,
    "featured_media": 0,
    "comment_status": "open",
    "ping_status": "open",
    "sticky": false,
    "template": "",
    "format": "standard",
    "meta": [],
    "categories": [
      27
    ],
    "tags": [],
    "_links": {
      "self": [
        {
          "href": "https://computerprogramming.foobrdigital.com/wp-json/wp/v2/posts/4251"
        }
      ],
      "collection": [
        {
          "href": "https://computerprogramming.foobrdigital.com/wp-json/wp/v2/posts"
        }
      ],
      "about": [
        {
          "href": "https://computerprogramming.foobrdigital.com/wp-json/wp/v2/types/post"
        }
      ],
      "author": [
        {
          "embeddable": true,
          "href": "https://computerprogramming.foobrdigital.com/wp-json/wp/v2/users/1"
        }
      ],
      "replies": [
        {
          "embeddable": true,
          "href": "https://computerprogramming.foobrdigital.com/wp-json/wp/v2/comments?post=4251"
        }
      ],
      "version-history": [
        {
          "count": 0,
          "href": "https://computerprogramming.foobrdigital.com/wp-json/wp/v2/posts/4251/revisions"
        }
      ],
      "wp:attachment": [
        {
          "href": "https://computerprogramming.foobrdigital.com/wp-json/wp/v2/media?parent=4251"
        }
      ],
      "wp:term": [
        {
          "taxonomy": "category",
          "embeddable": true,
          "href": "https://computerprogramming.foobrdigital.com/wp-json/wp/v2/categories?post=4251"
        },
        {
          "taxonomy": "post_tag",
          "embeddable": true,
          "href": "https://computerprogramming.foobrdigital.com/wp-json/wp/v2/tags?post=4251"
        }
      ],
      "curies": [
        {
          "name": "wp",
          "href": "https://api.w.org/{rel}",
          "templated": true
        }
      ]
    }
  },
  {
    "id": 4247,
    "date": "2020-06-15T11:04:16",
    "date_gmt": "2020-06-15T11:04:16",
    "guid": {
      "rendered": "http://php.foobrdigital.com/?p=299"
    },
    "modified": "2020-06-15T11:04:16",
    "modified_gmt": "2020-06-15T11:04:16",
    "slug": "data-types-2",
    "status": "publish",
    "type": "post",
    "link": "https://computerprogramming.foobrdigital.com/data-types-2/",
    "title": {
      "rendered": "Data Types"
    },
    "content": {
      "rendered": "\n<p>Properly defining the fields in a table is important to the overall optimization of your database. You should use only the type and size of field you really need to use. For example, do not define a field 10 characters wide, if you know you are only going to use 2 characters. These type of fields (or columns) are also referred to as data types, after the&nbsp;<strong>type of data</strong>&nbsp;you will be storing in those fields.</p>\n\n\n\n<p>MySQL uses many different data types broken into three categories −</p>\n\n\n\n<ul><li>Numeric</li><li>Date and Time</li><li>String Types.</li></ul>\n\n\n\n<p>Let us now discuss them in detail.</p>\n\n\n\n<h2>Numeric Data Types</h2>\n\n\n\n<p>MySQL uses all the standard ANSI SQL numeric data types, so if you&#8217;re coming to MySQL from a different database system, these definitions will look familiar to you.</p>\n\n\n\n<p>The following list shows the common numeric data types and their descriptions −</p>\n\n\n\n<ul><li><strong>INT</strong>&nbsp;− A normal-sized integer that can be signed or unsigned. If signed, the allowable range is from -2147483648 to 2147483647. If unsigned, the allowable range is from 0 to 4294967295. You can specify a width of up to 11 digits.</li><li><strong>TINYINT</strong>&nbsp;− A very small integer that can be signed or unsigned. If signed, the allowable range is from -128 to 127. If unsigned, the allowable range is from 0 to 255. You can specify a width of up to 4 digits.</li><li><strong>SMALLINT</strong>&nbsp;− A small integer that can be signed or unsigned. If signed, the allowable range is from -32768 to 32767. If unsigned, the allowable range is from 0 to 65535. You can specify a width of up to 5 digits.</li><li><strong>MEDIUMINT</strong>&nbsp;− A medium-sized integer that can be signed or unsigned. If signed, the allowable range is from -8388608 to 8388607. If unsigned, the allowable range is from 0 to 16777215. You can specify a width of up to 9 digits.</li><li><strong>BIGINT</strong>&nbsp;− A large integer that can be signed or unsigned. If signed, the allowable range is from -9223372036854775808 to 9223372036854775807. If unsigned, the allowable range is from 0 to 18446744073709551615. You can specify a width of up to 20 digits.</li><li><strong>FLOAT(M,D)</strong>&nbsp;− A floating-point number that cannot be unsigned. You can define the display length (M) and the number of decimals (D). This is not required and will default to 10,2, where 2 is the number of decimals and 10 is the total number of digits (including decimals). Decimal precision can go to 24 places for a FLOAT.</li><li><strong>DOUBLE(M,D)</strong>&nbsp;− A double precision floating-point number that cannot be unsigned. You can define the display length (M) and the number of decimals (D). This is not required and will default to 16,4, where 4 is the number of decimals. Decimal precision can go to 53 places for a DOUBLE. REAL is a synonym for DOUBLE.</li><li><strong>DECIMAL(M,D)</strong>&nbsp;− An unpacked floating-point number that cannot be unsigned. In the unpacked decimals, each decimal corresponds to one byte. Defining the display length (M) and the number of decimals (D) is required. NUMERIC is a synonym for DECIMAL.</li></ul>\n\n\n\n<h2>Date and Time Types</h2>\n\n\n\n<p>The MySQL date and time datatypes are as follows −</p>\n\n\n\n<ul><li><strong>DATE</strong>&nbsp;− A date in YYYY-MM-DD format, between 1000-01-01 and 9999-12-31. For example, December 30<sup>th</sup>, 1973 would be stored as 1973-12-30.</li><li><strong>DATETIME</strong>&nbsp;− A date and time combination in YYYY-MM-DD HH:MM:SS format, between 1000-01-01 00:00:00 and 9999-12-31 23:59:59. For example, 3:30 in the afternoon on December 30<sup>th</sup>, 1973 would be stored as 1973-12-30 15:30:00.</li><li><strong>TIMESTAMP</strong>&nbsp;− A timestamp between midnight, January 1<sup>st</sup>, 1970 and sometime in 2037. This looks like the previous DATETIME format, only without the hyphens between numbers; 3:30 in the afternoon on December 30<sup>th</sup>, 1973 would be stored as 19731230153000 ( YYYYMMDDHHMMSS ).</li><li><strong>TIME</strong>&nbsp;− Stores the time in a HH:MM:SS format.</li><li><strong>YEAR(M)</strong>&nbsp;− Stores a year in a 2-digit or a 4-digit format. If the length is specified as 2 (for example YEAR(2)), YEAR can be between 1970 to 2069 (70 to 69). If the length is specified as 4, then YEAR can be 1901 to 2155. The default length is 4.</li></ul>\n\n\n\n<h2>String Types</h2>\n\n\n\n<p>Although the numeric and date types are fun, most data you&#8217;ll store will be in a string format. This list describes the common string datatypes in MySQL.</p>\n\n\n\n<ul><li><strong>CHAR(M)</strong>&nbsp;− A fixed-length string between 1 and 255 characters in length (for example CHAR(5)), right-padded with spaces to the specified length when stored. Defining a length is not required, but the default is 1.</li><li><strong>VARCHAR(M)</strong>&nbsp;− A variable-length string between 1 and 255 characters in length. For example, VARCHAR(25). You must define a length when creating a VARCHAR field.</li><li><strong>BLOB or TEXT</strong>&nbsp;− A field with a maximum length of 65535 characters. BLOBs are &#8220;Binary Large Objects&#8221; and are used to store large amounts of binary data, such as images or other types of files. Fields defined as TEXT also hold large amounts of data. The difference between the two is that the sorts and comparisons on the stored data are&nbsp;<strong>case sensitive</strong>&nbsp;on BLOBs and are&nbsp;<strong>not case sensitive</strong>&nbsp;in TEXT fields. You do not specify a length with BLOB or TEXT.</li><li><strong>TINYBLOB or TINYTEXT</strong>&nbsp;− A BLOB or TEXT column with a maximum length of 255 characters. You do not specify a length with TINYBLOB or TINYTEXT.</li><li><strong>MEDIUMBLOB or MEDIUMTEXT</strong>&nbsp;− A BLOB or TEXT column with a maximum length of 16777215 characters. You do not specify a length with MEDIUMBLOB or MEDIUMTEXT.</li><li><strong>LONGBLOB or LONGTEXT</strong>&nbsp;− A BLOB or TEXT column with a maximum length of 4294967295 characters. You do not specify a length with LONGBLOB or LONGTEXT.</li><li><strong>ENUM</strong>&nbsp;− An enumeration, which is a fancy term for list. When defining an ENUM, you are creating a list of items from which the value must be selected (or it can be NULL). For example, if you wanted your field to contain &#8220;A&#8221; or &#8220;B&#8221; or &#8220;C&#8221;, you would define your ENUM as ENUM (&#8216;A&#8217;, &#8216;B&#8217;, &#8216;C&#8217;) and only those values (or NULL) could ever populate that field.</li></ul>\n\n\n\n<p>In the next chapter, we will discuss how to create tables in MySQL.</p>\n",
      "protected": false
    },
    "excerpt": {
      "rendered": "<p>Properly defining the fields in a table is important to the overall optimization of your database. You should use only the type and size of field you really need to use. For example, do not define a field 10 characters wide, if you know you are only going to use 2 characters. These type of [&hellip;]</p>\n",
      "protected": false
    },
    "author": 1,
    "featured_media": 0,
    "comment_status": "open",
    "ping_status": "open",
    "sticky": false,
    "template": "",
    "format": "standard",
    "meta": [],
    "categories": [
      27
    ],
    "tags": [],
    "_links": {
      "self": [
        {
          "href": "https://computerprogramming.foobrdigital.com/wp-json/wp/v2/posts/4247"
        }
      ],
      "collection": [
        {
          "href": "https://computerprogramming.foobrdigital.com/wp-json/wp/v2/posts"
        }
      ],
      "about": [
        {
          "href": "https://computerprogramming.foobrdigital.com/wp-json/wp/v2/types/post"
        }
      ],
      "author": [
        {
          "embeddable": true,
          "href": "https://computerprogramming.foobrdigital.com/wp-json/wp/v2/users/1"
        }
      ],
      "replies": [
        {
          "embeddable": true,
          "href": "https://computerprogramming.foobrdigital.com/wp-json/wp/v2/comments?post=4247"
        }
      ],
      "version-history": [
        {
          "count": 0,
          "href": "https://computerprogramming.foobrdigital.com/wp-json/wp/v2/posts/4247/revisions"
        }
      ],
      "wp:attachment": [
        {
          "href": "https://computerprogramming.foobrdigital.com/wp-json/wp/v2/media?parent=4247"
        }
      ],
      "wp:term": [
        {
          "taxonomy": "category",
          "embeddable": true,
          "href": "https://computerprogramming.foobrdigital.com/wp-json/wp/v2/categories?post=4247"
        },
        {
          "taxonomy": "post_tag",
          "embeddable": true,
          "href": "https://computerprogramming.foobrdigital.com/wp-json/wp/v2/tags?post=4247"
        }
      ],
      "curies": [
        {
          "name": "wp",
          "href": "https://api.w.org/{rel}",
          "templated": true
        }
      ]
    }
  },
  {
    "id": 4257,
    "date": "2020-06-15T11:05:17",
    "date_gmt": "2020-06-15T11:05:17",
    "guid": {
      "rendered": "http://php.foobrdigital.com/?p=309"
    },
    "modified": "2020-06-15T11:05:17",
    "modified_gmt": "2020-06-15T11:05:17",
    "slug": "create-mysql-tables",
    "status": "publish",
    "type": "post",
    "link": "https://computerprogramming.foobrdigital.com/create-mysql-tables/",
    "title": {
      "rendered": "Create MySQL Tables"
    },
    "content": {
      "rendered": "\n<p>To begin with, the table creation command requires the following details −</p>\n\n\n\n<ul><li>Name of the table</li><li>Name of the fields</li><li>Definitions for each field</li></ul>\n\n\n\n<h3>Syntax</h3>\n\n\n\n<p>Here is a generic SQL syntax to create a MySQL table −</p>\n\n\n\n<pre class=\"wp-block-code\"><code>CREATE TABLE table_name (column_name column_type);\n</code></pre>\n\n\n\n<p>Now, we will create the following table in the <strong>TUTORIALS</strong> database.</p>\n\n\n\n<pre class=\"wp-block-code\"><code>create table tutorials_tbl(\n   tutorial_id INT NOT NULL AUTO_INCREMENT,\n   tutorial_title VARCHAR(100) NOT NULL,\n   tutorial_author VARCHAR(40) NOT NULL,\n   submission_date DATE,\n   PRIMARY KEY ( tutorial_id )\n);</code></pre>\n\n\n\n<p>Here, a few items need explanation −</p>\n\n\n\n<ul><li>Field Attribute&nbsp;<strong>NOT NULL</strong>&nbsp;is being used because we do not want this field to be NULL. So, if a user will try to create a record with a NULL value, then MySQL will raise an error.</li><li>Field Attribute&nbsp;<strong>AUTO_INCREMENT</strong>&nbsp;tells MySQL to go ahead and add the next available number to the id field.</li><li>Keyword&nbsp;<strong>PRIMARY KEY</strong>&nbsp;is used to define a column as a primary key. You can use multiple columns separated by a comma to define a primary key.</li></ul>\n\n\n\n<h2>Creating Tables from Command Prompt</h2>\n\n\n\n<p>It is easy to create a MySQL table from the mysql&gt; prompt. You will use the SQL command&nbsp;<strong>CREATE TABLE</strong>&nbsp;to create a table.</p>\n\n\n\n<h3>Example</h3>\n\n\n\n<p>Here is an example, which will create <strong>tutorials_tbl</strong> −</p>\n\n\n\n<pre class=\"wp-block-code\"><code>root@host# mysql -u root -p\nEnter password:*******\nmysql> use TUTORIALS;\nDatabase changed\nmysql> CREATE TABLE tutorials_tbl(\n   -> tutorial_id INT NOT NULL AUTO_INCREMENT,\n   -> tutorial_title VARCHAR(100) NOT NULL,\n   -> tutorial_author VARCHAR(40) NOT NULL,\n   -> submission_date DATE,\n   -> PRIMARY KEY ( tutorial_id )\n   -> );\nQuery OK, 0 rows affected (0.16 sec)\nmysql></code></pre>\n\n\n\n<p><strong>NOTE</strong>&nbsp;− MySQL does not terminate a command until you give a semicolon (;) at the end of SQL command.</p>\n\n\n\n<h2>Creating Tables Using PHP Script</h2>\n\n\n\n<p>To create new table in any existing database you would need to use PHP function&nbsp;<strong>mysql_query()</strong>. You will pass its second argument with a proper SQL command to create a table.</p>\n\n\n\n<h3>Example</h3>\n\n\n\n<p>The following program is an example to create a table using PHP script −</p>\n\n\n\n<pre class=\"wp-block-code\"><code>&lt;html>\n   &lt;head>\n      &lt;title>Creating MySQL Tables&lt;/title>\n   &lt;/head>\n   \n   &lt;body>\n      &lt;?php\n         $dbhost = 'localhost:3036';\n         $dbuser = 'root';\n         $dbpass = 'rootpassword';\n         $conn = mysql_connect($dbhost, $dbuser, $dbpass);\n         \n         if(! $conn ) {\n            die('Could not connect: ' . mysql_error());\n         }\n         echo 'Connected successfully&lt;br />';\n         $sql = \"CREATE TABLE tutorials_tbl( \".\n            \"tutorial_id INT NOT NULL AUTO_INCREMENT, \".\n            \"tutorial_title VARCHAR(100) NOT NULL, \".\n            \"tutorial_author VARCHAR(40) NOT NULL, \".\n            \"submission_date DATE, \".\n            \"PRIMARY KEY ( tutorial_id )); \";\n         mysql_select_db( 'TUTORIALS' );\n         $retval = mysql_query( $sql, $conn );\n         \n         if(! $retval ) {\n            die('Could not create table: ' . mysql_error());\n         }\n         echo \"Table created successfully\\n\";\n         mysql_close($conn);\n      ?>\n   &lt;/body>\n&lt;/html></code></pre>\n",
      "protected": false
    },
    "excerpt": {
      "rendered": "<p>To begin with, the table creation command requires the following details − Name of the table Name of the fields Definitions for each field Syntax Here is a generic SQL syntax to create a MySQL table − Now, we will create the following table in the TUTORIALS database. Here, a few items need explanation − Field Attribute&nbsp;NOT [&hellip;]</p>\n",
      "protected": false
    },
    "author": 1,
    "featured_media": 0,
    "comment_status": "open",
    "ping_status": "open",
    "sticky": false,
    "template": "",
    "format": "standard",
    "meta": [],
    "categories": [
      27
    ],
    "tags": [],
    "_links": {
      "self": [
        {
          "href": "https://computerprogramming.foobrdigital.com/wp-json/wp/v2/posts/4257"
        }
      ],
      "collection": [
        {
          "href": "https://computerprogramming.foobrdigital.com/wp-json/wp/v2/posts"
        }
      ],
      "about": [
        {
          "href": "https://computerprogramming.foobrdigital.com/wp-json/wp/v2/types/post"
        }
      ],
      "author": [
        {
          "embeddable": true,
          "href": "https://computerprogramming.foobrdigital.com/wp-json/wp/v2/users/1"
        }
      ],
      "replies": [
        {
          "embeddable": true,
          "href": "https://computerprogramming.foobrdigital.com/wp-json/wp/v2/comments?post=4257"
        }
      ],
      "version-history": [
        {
          "count": 0,
          "href": "https://computerprogramming.foobrdigital.com/wp-json/wp/v2/posts/4257/revisions"
        }
      ],
      "wp:attachment": [
        {
          "href": "https://computerprogramming.foobrdigital.com/wp-json/wp/v2/media?parent=4257"
        }
      ],
      "wp:term": [
        {
          "taxonomy": "category",
          "embeddable": true,
          "href": "https://computerprogramming.foobrdigital.com/wp-json/wp/v2/categories?post=4257"
        },
        {
          "taxonomy": "post_tag",
          "embeddable": true,
          "href": "https://computerprogramming.foobrdigital.com/wp-json/wp/v2/tags?post=4257"
        }
      ],
      "curies": [
        {
          "name": "wp",
          "href": "https://api.w.org/{rel}",
          "templated": true
        }
      ]
    }
  },
  {
    "id": 4255,
    "date": "2020-06-15T11:06:09",
    "date_gmt": "2020-06-15T11:06:09",
    "guid": {
      "rendered": "http://php.foobrdigital.com/?p=307"
    },
    "modified": "2020-06-15T11:06:09",
    "modified_gmt": "2020-06-15T11:06:09",
    "slug": "drop-mysql-tables",
    "status": "publish",
    "type": "post",
    "link": "https://computerprogramming.foobrdigital.com/drop-mysql-tables/",
    "title": {
      "rendered": "Drop MySQL Tables"
    },
    "content": {
      "rendered": "\n<p>It is very easy to drop an existing MySQL table, but you need to be very careful while deleting any existing table because the data lost will not be recovered after deleting a table.</p>\n\n\n\n<h3>Syntax</h3>\n\n\n\n<p>Here is a generic SQL syntax to drop a MySQL table −</p>\n\n\n\n<pre class=\"wp-block-code\"><code>DROP TABLE table_name ;</code></pre>\n\n\n\n<h2>Dropping Tables from the Command Prompt</h2>\n\n\n\n<p>To drop tables from the command prompt, we need to execute the DROP TABLE SQL command at the mysql&gt; prompt.</p>\n\n\n\n<h3>Example</h3>\n\n\n\n<p>The following program is an example which deletes the <strong>tutorials_tbl</strong> −</p>\n\n\n\n<pre class=\"wp-block-code\"><code>root@host# mysql -u root -p\nEnter password:*******\nmysql> use TUTORIALS;\nDatabase changed\nmysql> DROP TABLE tutorials_tbl\nQuery OK, 0 rows affected (0.8 sec)\nmysql></code></pre>\n\n\n\n<h2>Dropping Tables Using PHP Script</h2>\n\n\n\n<p>To drop an existing table in any database, you would need to use the PHP function&nbsp;<strong>mysql_query()</strong>. You will pass its second argument with a proper SQL command to drop a table.</p>\n\n\n\n<h3>Example</h3>\n\n\n\n<pre class=\"wp-block-code\"><code>&lt;html>\n   &lt;head>\n      &lt;title>Creating MySQL Tables&lt;/title>\n   &lt;/head>\n   \n   &lt;body>\n      &lt;?php\n         $dbhost = 'localhost:3036';\n         $dbuser = 'root';\n         $dbpass = 'rootpassword';\n         $conn = mysql_connect($dbhost, $dbuser, $dbpass);\n         \n         if(! $conn ) {\n            die('Could not connect: ' . mysql_error());\n         }\n         echo 'Connected successfully&lt;br />';\n         $sql = \"DROP TABLE tutorials_tbl\";\n         mysql_select_db( 'TUTORIALS' );\n         $retval = mysql_query( $sql, $conn );\n         \n         if(! $retval ) {\n            die('Could not delete table: ' . mysql_error());\n         }\n         echo \"Table deleted successfully\\n\";\n         mysql_close($conn);\n      ?>\n   &lt;/body>\n&lt;/html></code></pre>\n",
      "protected": false
    },
    "excerpt": {
      "rendered": "<p>It is very easy to drop an existing MySQL table, but you need to be very careful while deleting any existing table because the data lost will not be recovered after deleting a table. Syntax Here is a generic SQL syntax to drop a MySQL table − Dropping Tables from the Command Prompt To drop [&hellip;]</p>\n",
      "protected": false
    },
    "author": 1,
    "featured_media": 0,
    "comment_status": "open",
    "ping_status": "open",
    "sticky": false,
    "template": "",
    "format": "standard",
    "meta": [],
    "categories": [
      27
    ],
    "tags": [],
    "_links": {
      "self": [
        {
          "href": "https://computerprogramming.foobrdigital.com/wp-json/wp/v2/posts/4255"
        }
      ],
      "collection": [
        {
          "href": "https://computerprogramming.foobrdigital.com/wp-json/wp/v2/posts"
        }
      ],
      "about": [
        {
          "href": "https://computerprogramming.foobrdigital.com/wp-json/wp/v2/types/post"
        }
      ],
      "author": [
        {
          "embeddable": true,
          "href": "https://computerprogramming.foobrdigital.com/wp-json/wp/v2/users/1"
        }
      ],
      "replies": [
        {
          "embeddable": true,
          "href": "https://computerprogramming.foobrdigital.com/wp-json/wp/v2/comments?post=4255"
        }
      ],
      "version-history": [
        {
          "count": 0,
          "href": "https://computerprogramming.foobrdigital.com/wp-json/wp/v2/posts/4255/revisions"
        }
      ],
      "wp:attachment": [
        {
          "href": "https://computerprogramming.foobrdigital.com/wp-json/wp/v2/media?parent=4255"
        }
      ],
      "wp:term": [
        {
          "taxonomy": "category",
          "embeddable": true,
          "href": "https://computerprogramming.foobrdigital.com/wp-json/wp/v2/categories?post=4255"
        },
        {
          "taxonomy": "post_tag",
          "embeddable": true,
          "href": "https://computerprogramming.foobrdigital.com/wp-json/wp/v2/tags?post=4255"
        }
      ],
      "curies": [
        {
          "name": "wp",
          "href": "https://api.w.org/{rel}",
          "templated": true
        }
      ]
    }
  },
  {
    "id": 4256,
    "date": "2020-06-15T11:07:48",
    "date_gmt": "2020-06-15T11:07:48",
    "guid": {
      "rendered": "http://php.foobrdigital.com/?p=308"
    },
    "modified": "2020-06-15T11:07:48",
    "modified_gmt": "2020-06-15T11:07:48",
    "slug": "insert-query",
    "status": "publish",
    "type": "post",
    "link": "https://computerprogramming.foobrdigital.com/insert-query/",
    "title": {
      "rendered": "Insert Query"
    },
    "content": {
      "rendered": "\n<p>To insert data into a MySQL table, you would need to use the SQL&nbsp;<strong>INSERT INTO</strong>&nbsp;command. You can insert data into the MySQL table by using the mysql&gt; prompt or by using any script like PHP.</p>\n\n\n\n<h3>Syntax</h3>\n\n\n\n<p>Here is a generic SQL syntax of INSERT INTO command to insert data into the MySQL table −</p>\n\n\n\n<pre class=\"wp-block-code\"><code>INSERT INTO table_name ( field1, field2,...fieldN )\n   VALUES\n   ( value1, value2,...valueN );</code></pre>\n\n\n\n<p>To insert string data types, it is required to keep all the values into double or single quotes. For example&nbsp;<strong>&#8220;value&#8221;</strong>.</p>\n\n\n\n<h2>Inserting Data from the Command Prompt</h2>\n\n\n\n<p>To insert data from the command prompt, we will use SQL INSERT INTO command to insert data into MySQL table tutorials_tbl.</p>\n\n\n\n<h3>Example</h3>\n\n\n\n<p>The following example will create 3 records into <strong>tutorials_tbl</strong> table −</p>\n\n\n\n<pre class=\"wp-block-code\"><code>root@host# mysql -u root -p password;\nEnter password:*******\nmysql> use TUTORIALS;\nDatabase changed\n\nmysql> INSERT INTO tutorials_tbl \n   ->(tutorial_title, tutorial_author, submission_date)\n   ->VALUES\n   ->(\"Learn PHP\", \"John Poul\", NOW());\nQuery OK, 1 row affected (0.01 sec)\n\nmysql> INSERT INTO tutorials_tbl\n   ->(tutorial_title, tutorial_author, submission_date)\n   ->VALUES\n   ->(\"Learn MySQL\", \"Abdul S\", NOW());\nQuery OK, 1 row affected (0.01 sec)\n\nmysql> INSERT INTO tutorials_tbl\n   ->(tutorial_title, tutorial_author, submission_date)\n   ->VALUES\n   ->(\"JAVA Tutorial\", \"Sanjay\", '2007-05-06');\nQuery OK, 1 row affected (0.01 sec)\nmysql></code></pre>\n\n\n\n<p><strong>NOTE</strong>&nbsp;− Please note that all the arrow signs (-&gt;) are not a part of the SQL command. They are indicating a new line and they are created automatically by the MySQL prompt while pressing the enter key without giving a semicolon at the end of each line of the command.</p>\n\n\n\n<p>In the above example, we have not provided a tutorial_id because at the time of table creation, we had given AUTO_INCREMENT option for this field. So MySQL takes care of inserting these IDs automatically. Here,&nbsp;<strong>NOW()</strong>&nbsp;is a MySQL function, which returns the current date and time.</p>\n\n\n\n<h2>Inserting Data Using a PHP Script</h2>\n\n\n\n<p>You can use the same SQL INSERT INTO command into the PHP function&nbsp;<strong>mysql_query()</strong>to insert data into a MySQL table.</p>\n\n\n\n<h3>Example</h3>\n\n\n\n<p>This example will take three parameters from the user and will insert them into the MySQL table −</p>\n\n\n\n<pre class=\"wp-block-code\"><code>&lt;html>\n\n   &lt;head>\n      &lt;title>Add New Record in MySQL Database&lt;/title>\n   &lt;/head>\n\n   &lt;body>\n      &lt;?php\n         if(isset($_POST&#91;'add'])) {\n            $dbhost = 'localhost:3036';\n            $dbuser = 'root';\n            $dbpass = 'rootpassword';\n            $conn = mysql_connect($dbhost, $dbuser, $dbpass);\n         \n            if(! $conn ) {\n               die('Could not connect: ' . mysql_error());\n            }\n\n            if(! get_magic_quotes_gpc() ) {\n               $tutorial_title = addslashes ($_POST&#91;'tutorial_title']);\n               $tutorial_author = addslashes ($_POST&#91;'tutorial_author']);\n            } else {\n               $tutorial_title = $_POST&#91;'tutorial_title'];\n               $tutorial_author = $_POST&#91;'tutorial_author'];\n            }\n\n            $submission_date = $_POST&#91;'submission_date'];\n   \n            $sql = \"INSERT INTO tutorials_tbl \".\n               \"(tutorial_title,tutorial_author, submission_date) \".\"VALUES \".\n               \"('$tutorial_title','$tutorial_author','$submission_date')\";\n               mysql_select_db('TUTORIALS');\n            $retval = mysql_query( $sql, $conn );\n         \n            if(! $retval ) {\n               die('Could not enter data: ' . mysql_error());\n            }\n         \n            echo \"Entered data successfully\\n\";\n            mysql_close($conn);\n         } else {\n      ?>\n   \n      &lt;form method = \"post\" action = \"&lt;?php $_PHP_SELF ?>\">\n         &lt;table width = \"600\" border = \"0\" cellspacing = \"1\" cellpadding = \"2\">\n            &lt;tr>\n               &lt;td width = \"250\">Tutorial Title&lt;/td>\n               &lt;td>\n                  &lt;input name = \"tutorial_title\" type = \"text\" id = \"tutorial_title\">\n               &lt;/td>\n            &lt;/tr>\n         \n            &lt;tr>\n               &lt;td width = \"250\">Tutorial Author&lt;/td>\n               &lt;td>\n                  &lt;input name = \"tutorial_author\" type = \"text\" id = \"tutorial_author\">\n               &lt;/td>\n            &lt;/tr>\n         \n            &lt;tr>\n               &lt;td width = \"250\">Submission Date &#91;   yyyy-mm-dd ]&lt;/td>\n               &lt;td>\n                  &lt;input name = \"submission_date\" type = \"text\" id = \"submission_date\">\n               &lt;/td>\n            &lt;/tr>\n      \n            &lt;tr>\n               &lt;td width = \"250\"> &lt;/td>\n               &lt;td> &lt;/td>\n            &lt;/tr>\n         \n            &lt;tr>\n               &lt;td width = \"250\"> &lt;/td>\n               &lt;td>\n                  &lt;input name = \"add\" type = \"submit\" id = \"add\"  value = \"Add Tutorial\">\n               &lt;/td>\n            &lt;/tr>\n         &lt;/table>\n      &lt;/form>\n   &lt;?php\n      }\n   ?>\n   &lt;/body>\n&lt;/html></code></pre>\n\n\n\n<p>While doing a data insert, it is best to use the function&nbsp;<strong>get_magic_quotes_gpc()</strong>&nbsp;to check if the current configuration for magic quote is set or not. If this function returns false, then use the function&nbsp;<strong>addslashes()</strong>&nbsp;to add slashes before the quotes.</p>\n\n\n\n<p>You can put many validations around to check if the entered data is correct or not and can take the appropriate action.</p>\n",
      "protected": false
    },
    "excerpt": {
      "rendered": "<p>To insert data into a MySQL table, you would need to use the SQL&nbsp;INSERT INTO&nbsp;command. You can insert data into the MySQL table by using the mysql&gt; prompt or by using any script like PHP. Syntax Here is a generic SQL syntax of INSERT INTO command to insert data into the MySQL table − To [&hellip;]</p>\n",
      "protected": false
    },
    "author": 1,
    "featured_media": 0,
    "comment_status": "open",
    "ping_status": "open",
    "sticky": false,
    "template": "",
    "format": "standard",
    "meta": [],
    "categories": [
      27
    ],
    "tags": [],
    "_links": {
      "self": [
        {
          "href": "https://computerprogramming.foobrdigital.com/wp-json/wp/v2/posts/4256"
        }
      ],
      "collection": [
        {
          "href": "https://computerprogramming.foobrdigital.com/wp-json/wp/v2/posts"
        }
      ],
      "about": [
        {
          "href": "https://computerprogramming.foobrdigital.com/wp-json/wp/v2/types/post"
        }
      ],
      "author": [
        {
          "embeddable": true,
          "href": "https://computerprogramming.foobrdigital.com/wp-json/wp/v2/users/1"
        }
      ],
      "replies": [
        {
          "embeddable": true,
          "href": "https://computerprogramming.foobrdigital.com/wp-json/wp/v2/comments?post=4256"
        }
      ],
      "version-history": [
        {
          "count": 0,
          "href": "https://computerprogramming.foobrdigital.com/wp-json/wp/v2/posts/4256/revisions"
        }
      ],
      "wp:attachment": [
        {
          "href": "https://computerprogramming.foobrdigital.com/wp-json/wp/v2/media?parent=4256"
        }
      ],
      "wp:term": [
        {
          "taxonomy": "category",
          "embeddable": true,
          "href": "https://computerprogramming.foobrdigital.com/wp-json/wp/v2/categories?post=4256"
        },
        {
          "taxonomy": "post_tag",
          "embeddable": true,
          "href": "https://computerprogramming.foobrdigital.com/wp-json/wp/v2/tags?post=4256"
        }
      ],
      "curies": [
        {
          "name": "wp",
          "href": "https://api.w.org/{rel}",
          "templated": true
        }
      ]
    }
  },
  {
    "id": 4253,
    "date": "2020-06-15T11:09:39",
    "date_gmt": "2020-06-15T11:09:39",
    "guid": {
      "rendered": "http://php.foobrdigital.com/?p=305"
    },
    "modified": "2020-06-15T11:09:39",
    "modified_gmt": "2020-06-15T11:09:39",
    "slug": "select-query",
    "status": "publish",
    "type": "post",
    "link": "https://computerprogramming.foobrdigital.com/select-query/",
    "title": {
      "rendered": "Select Query"
    },
    "content": {
      "rendered": "\n<p>The SQL&nbsp;<strong>SELECT</strong>&nbsp;command is used to fetch data from the MySQL database. You can use this command at mysql&gt; prompt as well as in any script like PHP.</p>\n\n\n\n<h3>Syntax</h3>\n\n\n\n<p>Here is generic SQL syntax of SELECT command to fetch data from the MySQL table −</p>\n\n\n\n<pre class=\"wp-block-code\"><code>SELECT field1, field2,...fieldN \nFROM table_name1, table_name2...\n&#91;WHERE Clause]\n&#91;OFFSET M ]&#91;LIMIT N]</code></pre>\n\n\n\n<ul><li>You can use one or more tables separated by comma to include various conditions using a WHERE clause, but the WHERE clause is an optional part of the SELECT command.</li><li>You can fetch one or more fields in a single SELECT command.</li><li>You can specify star (*) in place of fields. In this case, SELECT will return all the fields.</li><li>You can specify any condition using the WHERE clause.</li><li>You can specify an offset using&nbsp;<strong>OFFSET</strong>&nbsp;from where SELECT will start returning records. By default, the offset starts at zero.</li><li>You can limit the number of returns using the&nbsp;<strong>LIMIT</strong>&nbsp;attribute.</li></ul>\n\n\n\n<h2>Fetching Data from a Command Prompt</h2>\n\n\n\n<p>This will use SQL SELECT command to fetch data from the MySQL table&nbsp;<strong>tutorials_tbl</strong>.</p>\n\n\n\n<h3>Example</h3>\n\n\n\n<p>The following example will return all the records from the <strong>tutorials_tbl</strong> table −</p>\n\n\n\n<pre class=\"wp-block-code\"><code>root@host# mysql -u root -p password;\nEnter password:*******\nmysql> use TUTORIALS;\nDatabase changed\nmysql> SELECT * from tutorials_tbl \n+-------------+----------------+-----------------+-----------------+\n| tutorial_id | tutorial_title | tutorial_author | submission_date |\n+-------------+----------------+-----------------+-----------------+\n|           1 | Learn PHP      | John Poul       | 2007-05-21      |\n|           2 | Learn MySQL    | Abdul S         | 2007-05-21      |\n|           3 | JAVA Tutorial  | Sanjay          | 2007-05-21      |\n+-------------+----------------+-----------------+-----------------+\n3 rows in set (0.01 sec)\n\nmysql></code></pre>\n\n\n\n<h2>Fetching Data Using a PHP Script</h2>\n\n\n\n<p>You can use the same SQL SELECT command into a PHP function&nbsp;<strong>mysql_query()</strong>. This function is used to execute the SQL command and then later another PHP function&nbsp;<strong>mysql_fetch_array()</strong>&nbsp;can be used to fetch all the selected data. This function returns the row as an associative array, a numeric array, or both. This function returns FALSE if there are no more rows.</p>\n\n\n\n<p>The following program is a simple example which will show how to fetch / display records from the&nbsp;<strong>tutorials_tbl</strong>&nbsp;table.</p>\n\n\n\n<h3>Example</h3>\n\n\n\n<p>The following code block will display all the records from the tutorials_tbl table.</p>\n\n\n\n<pre class=\"wp-block-code\"><code>&lt;?php\n   $dbhost = 'localhost:3036';\n   $dbuser = 'root';\n   $dbpass = 'rootpassword';\n   $conn = mysql_connect($dbhost, $dbuser, $dbpass);\n   \n   if(! $conn ) {\n      die('Could not connect: ' . mysql_error());\n   }\n   $sql = 'SELECT tutorial_id, tutorial_title, tutorial_author, submission_date FROM tutorials_tbl';\n\n   mysql_select_db('TUTORIALS');\n   $retval = mysql_query( $sql, $conn );\n   \n   if(! $retval ) {\n      die('Could not get data: ' . mysql_error());\n   }\n   \n   while($row = mysql_fetch_array($retval, MYSQL_ASSOC)) {\n      echo \"Tutorial ID :{$row&#91;'tutorial_id']}  &lt;br> \".\n         \"Title: {$row&#91;'tutorial_title']} &lt;br> \".\n         \"Author: {$row&#91;'tutorial_author']} &lt;br> \".\n         \"Submission Date : {$row&#91;'submission_date']} &lt;br> \".\n         \"--------------------------------&lt;br>\";\n   } \n   echo \"Fetched data successfully\\n\";\n   mysql_close($conn);\n?></code></pre>\n\n\n\n<p>The content of the rows is assigned to the variable $row and the values in that row are then printed.</p>\n\n\n\n<p><strong>NOTE</strong>&nbsp;− Always remember to put curly brackets when you want to insert an array value directly into a string.</p>\n\n\n\n<p>In the above example, the constant&nbsp;<strong>MYSQL_ASSOC</strong>&nbsp;is used as the second argument to the PHP function&nbsp;<strong>mysql_fetch_array()</strong>, so that it returns the row as an associative array. With an associative array you can access the field by using their name instead of using the index.</p>\n\n\n\n<p>PHP provides another function called&nbsp;<strong>mysql_fetch_assoc()</strong>, which also returns the row as an associative array.</p>\n\n\n\n<h3>Example</h3>\n\n\n\n<p>The following example to display all the records from the tutorial_tbl table using mysql_fetch_assoc() function.</p>\n\n\n\n<pre class=\"wp-block-code\"><code>&lt;?php\n   $dbhost = 'localhost:3036';\n   $dbuser = 'root';\n   $dbpass = 'rootpassword';\n   $conn = mysql_connect($dbhost, $dbuser, $dbpass);\n   \n   if(! $conn ) {\n      die('Could not connect: ' . mysql_error());\n   }\n   \n   $sql = 'SELECT tutorial_id, tutorial_title, tutorial_author, submission_date\n      FROM tutorials_tbl';\n\n   mysql_select_db('TUTORIALS');\n   $retval = mysql_query( $sql, $conn );\n   \n   if(! $retval ) {\n      die('Could not get data: ' . mysql_error());\n   }\n   \n   while($row = mysql_fetch_assoc($retval)) {\n      echo \"Tutorial ID :{$row&#91;'tutorial_id']}  &lt;br> \".\n         \"Title: {$row&#91;'tutorial_title']} &lt;br> \".\n         \"Author: {$row&#91;'tutorial_author']} &lt;br> \".\n         \"Submission Date : {$row&#91;'submission_date']} &lt;br> \".\n         \"--------------------------------&lt;br>\";\n   } \n   echo \"Fetched data successfully\\n\";\n   mysql_close($conn);\n?></code></pre>\n\n\n\n<p>You can also use the constant&nbsp;<strong>MYSQL_NUM</strong>&nbsp;as the second argument to the PHP function mysql_fetch_array(). This will cause the function to return an array with the numeric index.</p>\n\n\n\n<h3>Example</h3>\n\n\n\n<p>Try out the following example to display all the records from tutorials_tbl table using the MYSQL_NUM argument.</p>\n\n\n\n<pre class=\"wp-block-code\"><code>&lt;?php\n   $dbhost = 'localhost:3036';\n   $dbuser = 'root';\n   $dbpass = 'rootpassword';\n   $conn = mysql_connect($dbhost, $dbuser, $dbpass);\n\n   if(! $conn ) {\n      die('Could not connect: ' . mysql_error());\n   }\n   \n   $sql = 'SELECT tutorial_id, tutorial_title, tutorial_author, submission_date\n      FROM tutorials_tbl';\n\n   mysql_select_db('TUTORIALS');\n   $retval = mysql_query( $sql, $conn );\n   \n   if(! $retval ) {\n      die('Could not get data: ' . mysql_error());\n   }\n   \n   while($row = mysql_fetch_array($retval, MYSQL_NUM)) {\n      echo \"Tutorial ID :{$row&#91;0]}  &lt;br> \".\n         \"Title: {$row&#91;1]} &lt;br> \".\n         \"Author: {$row&#91;2]} &lt;br> \".\n         \"Submission Date : {$row&#91;3]} &lt;br> \".\n         \"--------------------------------&lt;br>\";\n   }\n   echo \"Fetched data successfully\\n\";\n   mysql_close($conn);\n?></code></pre>\n\n\n\n<p>All the above three examples will produce the same result.</p>\n\n\n\n<h2>Releasing Memory</h2>\n\n\n\n<p>It is a good practice to release cursor memory at the end of each SELECT statement. This can be done by using the PHP function&nbsp;<strong>mysql_free_result()</strong>. The following program is the example to show how it should be used.</p>\n\n\n\n<h3>Example</h3>\n\n\n\n<p>Try out the following example −</p>\n\n\n\n<pre class=\"wp-block-code\"><code>&lt;?php\n   $dbhost = 'localhost:3036';\n   $dbuser = 'root';\n   $dbpass = 'rootpassword';\n   $conn = mysql_connect($dbhost, $dbuser, $dbpass);\n\n   if(! $conn ) {\n      die('Could not connect: ' . mysql_error());\n   }\n   \n   $sql = 'SELECT tutorial_id, tutorial_title, tutorial_author, submission_date\n      FROM tutorials_tbl';\n\n   mysql_select_db('TUTORIALS');\n   $retval = mysql_query( $sql, $conn );\n   \n   if(! $retval ) {\n      die('Could not get data: ' . mysql_error());\n   }\n   \n   while($row = mysql_fetch_array($retval, MYSQL_NUM)) {\n      echo \"Tutorial ID :{$row&#91;0]}  &lt;br> \".\n         \"Title: {$row&#91;1]} &lt;br> \".\n         \"Author: {$row&#91;2]} &lt;br> \".\n         \"Submission Date : {$row&#91;3]} &lt;br> \".\n         \"--------------------------------&lt;br>\";\n   }\n   mysql_free_result($retval);\n   echo \"Fetched data successfully\\n\";\n   mysql_close($conn);\n?></code></pre>\n\n\n\n<p>While fetching data, you can write as complex a code as you like, but the procedure will remain the same as mentioned above.</p>\n",
      "protected": false
    },
    "excerpt": {
      "rendered": "<p>The SQL&nbsp;SELECT&nbsp;command is used to fetch data from the MySQL database. You can use this command at mysql&gt; prompt as well as in any script like PHP. Syntax Here is generic SQL syntax of SELECT command to fetch data from the MySQL table − You can use one or more tables separated by comma to [&hellip;]</p>\n",
      "protected": false
    },
    "author": 1,
    "featured_media": 0,
    "comment_status": "open",
    "ping_status": "open",
    "sticky": false,
    "template": "",
    "format": "standard",
    "meta": [],
    "categories": [
      27
    ],
    "tags": [],
    "_links": {
      "self": [
        {
          "href": "https://computerprogramming.foobrdigital.com/wp-json/wp/v2/posts/4253"
        }
      ],
      "collection": [
        {
          "href": "https://computerprogramming.foobrdigital.com/wp-json/wp/v2/posts"
        }
      ],
      "about": [
        {
          "href": "https://computerprogramming.foobrdigital.com/wp-json/wp/v2/types/post"
        }
      ],
      "author": [
        {
          "embeddable": true,
          "href": "https://computerprogramming.foobrdigital.com/wp-json/wp/v2/users/1"
        }
      ],
      "replies": [
        {
          "embeddable": true,
          "href": "https://computerprogramming.foobrdigital.com/wp-json/wp/v2/comments?post=4253"
        }
      ],
      "version-history": [
        {
          "count": 0,
          "href": "https://computerprogramming.foobrdigital.com/wp-json/wp/v2/posts/4253/revisions"
        }
      ],
      "wp:attachment": [
        {
          "href": "https://computerprogramming.foobrdigital.com/wp-json/wp/v2/media?parent=4253"
        }
      ],
      "wp:term": [
        {
          "taxonomy": "category",
          "embeddable": true,
          "href": "https://computerprogramming.foobrdigital.com/wp-json/wp/v2/categories?post=4253"
        },
        {
          "taxonomy": "post_tag",
          "embeddable": true,
          "href": "https://computerprogramming.foobrdigital.com/wp-json/wp/v2/tags?post=4253"
        }
      ],
      "curies": [
        {
          "name": "wp",
          "href": "https://api.w.org/{rel}",
          "templated": true
        }
      ]
    }
  },
  {
    "id": 4250,
    "date": "2020-06-15T11:13:25",
    "date_gmt": "2020-06-15T11:13:25",
    "guid": {
      "rendered": "http://php.foobrdigital.com/?p=302"
    },
    "modified": "2020-06-15T11:13:25",
    "modified_gmt": "2020-06-15T11:13:25",
    "slug": "where-clause",
    "status": "publish",
    "type": "post",
    "link": "https://computerprogramming.foobrdigital.com/where-clause/",
    "title": {
      "rendered": "WHERE Clause"
    },
    "content": {
      "rendered": "\n<p>We have seen the SQL&nbsp;<strong>SELECT</strong>&nbsp;command to fetch data from a MySQL table. We can use a conditional clause called the&nbsp;<strong>WHERE Clause</strong>&nbsp;to filter out the results. Using this WHERE clause, we can specify a selection criteria to select the required records from a table.</p>\n\n\n\n<h3>Syntax</h3>\n\n\n\n<p>The following code block has a generic SQL syntax of the SELECT command with the WHERE clause to fetch data from the MySQL table −</p>\n\n\n\n<pre class=\"wp-block-preformatted\">\n</pre>\n\n\n\n<ul><li>You can use one or more tables separated by a comma to include various conditions using a WHERE clause, but the WHERE clause is an optional part of the SELECT command.</li><li>You can specify any condition using the WHERE clause.</li><li>You can specify more than one condition using the&nbsp;<strong>AND</strong>&nbsp;or the&nbsp;<strong>OR</strong>&nbsp;operators.</li><li>A WHERE clause can be used along with DELETE or UPDATE SQL command also to specify a condition.</li></ul>\n\n\n\n<p>The&nbsp;<strong>WHERE</strong>&nbsp;clause works like an&nbsp;<strong>if condition</strong>&nbsp;in any programming language. This clause is used to compare the given value with the field value available in a MySQL table. If the given value from outside is equal to the available field value in the MySQL table, then it returns that row.</p>\n\n\n\n<p>Here is the list of operators, which can be used with the&nbsp;<strong>WHERE</strong>&nbsp;clause.</p>\n\n\n\n<p>Assume field A holds 10 and field B holds 20, then −</p>\n\n\n\n<pre class=\"wp-block-table\"><table><tbody><tr><th>Operator</th><th>Description</th><th>Example</th></tr><tr><td>=</td><td>Checks if the values of the two operands are equal or not, if yes, then the condition becomes true.</td><td>(A = B) is not true.</td></tr><tr><td>!=</td><td>Checks if the values of the two operands are equal or not, if the values are not equal then the condition becomes true.</td><td>(A != B) is true.</td></tr><tr><td>&gt;</td><td>Checks if the value of the left operand is greater than the value of the right operand, if yes, then the condition becomes true.</td><td>(A &gt; B) is not true.</td></tr><tr><td>&lt;</td><td>Checks if the value of the left operand is less than the value of the right operand, if yes then the condition becomes true.</td><td>(A &lt; B) is true.</td></tr><tr><td>&gt;=</td><td>Checks if the value of the left operand is greater than or equal to the value of the right operand, if yes, then the condition becomes true.</td><td>(A &gt;= B) is not true.</td></tr><tr><td>&lt;=</td><td>Checks if the value of the left operand is less than or equal to the value of the right operand, if yes, then the condition becomes true.</td><td>(A &lt;= B) is true.</td></tr></tbody></table></pre>\n\n\n\n<p>The WHERE clause is very useful when you want to fetch the selected rows from a table, especially when you use the&nbsp;<strong>MySQL Join</strong>. Joins are discussed in another chapter.</p>\n\n\n\n<p>It is a common practice to search for records using the&nbsp;<strong>Primary Key</strong>&nbsp;to make the search faster.</p>\n\n\n\n<p>If the given condition does not match any record in the table, then the query would not return any row.</p>\n\n\n\n<h2>Fetching Data from the Command Prompt</h2>\n\n\n\n<p>This will use the SQL SELECT command with the WHERE clause to fetch the selected data from the MySQL table –&nbsp;<strong>tutorials_tbl</strong>.</p>\n\n\n\n<h3>Example</h3>\n\n\n\n<p>The following example will return all the records from the <strong>tutorials_tbl</strong> table for which the author name is <strong>Sanjay</strong>.</p>\n\n\n\n<pre class=\"wp-block-code\"><code>root@host# mysql -u root -p password;\nEnter password:*******\nmysql> use TUTORIALS;\nDatabase changed\nmysql> SELECT * from tutorials_tbl WHERE tutorial_author = 'Sanjay';\n+-------------+----------------+-----------------+-----------------+\n| tutorial_id | tutorial_title | tutorial_author | submission_date |\n+-------------+----------------+-----------------+-----------------+\n|      3      | JAVA Tutorial  |      Sanjay     |    2007-05-21   |      \n+-------------+----------------+-----------------+-----------------+\n1 rows in set (0.01 sec)\n\nmysql></code></pre>\n\n\n\n<p>Unless performing a <strong>LIKE</strong> comparison on a string, the comparison is not case sensitive. You can make your search case sensitive by using the <strong>BINARY</strong> keyword as follows −</p>\n\n\n\n<pre class=\"wp-block-code\"><code>root@host# mysql -u root -p password;\nEnter password:*******\nmysql> use TUTORIALS;\nDatabase changed\nmysql> SELECT * from tutorials_tbl \\\n   WHERE BINARY tutorial_author = 'sanjay';\nEmpty set (0.02 sec)\n\nmysql></code></pre>\n\n\n\n<h2>Fetching Data Using a PHP Script</h2>\n\n\n\n<p>You can use the same SQL SELECT command with the WHERE CLAUSE into the PHP function&nbsp;<strong>mysql_query()</strong>. This function is used to execute the SQL command and later another PHP function&nbsp;<strong>mysql_fetch_array()</strong>&nbsp;can be used to fetch all the selected data. This function returns a row as an associative array, a numeric array, or both. This function returns FALSE if there are no more rows.</p>\n\n\n\n<h3>Example</h3>\n\n\n\n<p>The following example will return all the records from the <strong>tutorials_tbl</strong> table for which the author name is <strong>Sanjay</strong> −</p>\n\n\n\n<pre class=\"wp-block-code\"><code>&lt;?php\n   $dbhost = 'localhost:3036';\n   $dbuser = 'root';\n   $dbpass = 'rootpassword';\n   $conn = mysql_connect($dbhost, $dbuser, $dbpass);\n\n   if(! $conn ) {\n      die('Could not connect: ' . mysql_error());\n   }\n\n   $sql = 'SELECT tutorial_id, tutorial_title, \n      tutorial_author, submission_date\n      FROM tutorials_tbl\n      WHERE tutorial_author = \"Sanjay\"';\n\n   mysql_select_db('TUTORIALS');\n   $retval = mysql_query( $sql, $conn );\n\n   if(! $retval ) {\n      die('Could not get data: ' . mysql_error());\n   }\n\n   while($row = mysql_fetch_array($retval, MYSQL_ASSOC)) {\n      echo \"Tutorial ID :{$row&#91;'tutorial_id']}  &lt;br> \".\n      \"Title: {$row&#91;'tutorial_title']} &lt;br> \".\n      \"Author: {$row&#91;'tutorial_author']} &lt;br> \".\n      \"Submission Date : {$row&#91;'submission_date']} &lt;br> \".\n      \"--------------------------------&lt;br>\";\n   } \n\n   echo \"Fetched data successfully\\n\";\n   mysql_close($conn);\n?></code></pre>\n",
      "protected": false
    },
    "excerpt": {
      "rendered": "<p>We have seen the SQL&nbsp;SELECT&nbsp;command to fetch data from a MySQL table. We can use a conditional clause called the&nbsp;WHERE Clause&nbsp;to filter out the results. Using this WHERE clause, we can specify a selection criteria to select the required records from a table. Syntax The following code block has a generic SQL syntax of the [&hellip;]</p>\n",
      "protected": false
    },
    "author": 1,
    "featured_media": 0,
    "comment_status": "open",
    "ping_status": "open",
    "sticky": false,
    "template": "",
    "format": "standard",
    "meta": [],
    "categories": [
      27
    ],
    "tags": [],
    "_links": {
      "self": [
        {
          "href": "https://computerprogramming.foobrdigital.com/wp-json/wp/v2/posts/4250"
        }
      ],
      "collection": [
        {
          "href": "https://computerprogramming.foobrdigital.com/wp-json/wp/v2/posts"
        }
      ],
      "about": [
        {
          "href": "https://computerprogramming.foobrdigital.com/wp-json/wp/v2/types/post"
        }
      ],
      "author": [
        {
          "embeddable": true,
          "href": "https://computerprogramming.foobrdigital.com/wp-json/wp/v2/users/1"
        }
      ],
      "replies": [
        {
          "embeddable": true,
          "href": "https://computerprogramming.foobrdigital.com/wp-json/wp/v2/comments?post=4250"
        }
      ],
      "version-history": [
        {
          "count": 0,
          "href": "https://computerprogramming.foobrdigital.com/wp-json/wp/v2/posts/4250/revisions"
        }
      ],
      "wp:attachment": [
        {
          "href": "https://computerprogramming.foobrdigital.com/wp-json/wp/v2/media?parent=4250"
        }
      ],
      "wp:term": [
        {
          "taxonomy": "category",
          "embeddable": true,
          "href": "https://computerprogramming.foobrdigital.com/wp-json/wp/v2/categories?post=4250"
        },
        {
          "taxonomy": "post_tag",
          "embeddable": true,
          "href": "https://computerprogramming.foobrdigital.com/wp-json/wp/v2/tags?post=4250"
        }
      ],
      "curies": [
        {
          "name": "wp",
          "href": "https://api.w.org/{rel}",
          "templated": true
        }
      ]
    }
  },
  {
    "id": 4259,
    "date": "2020-06-15T11:14:15",
    "date_gmt": "2020-06-15T11:14:15",
    "guid": {
      "rendered": "http://php.foobrdigital.com/?p=311"
    },
    "modified": "2020-06-15T11:14:15",
    "modified_gmt": "2020-06-15T11:14:15",
    "slug": "update-query",
    "status": "publish",
    "type": "post",
    "link": "https://computerprogramming.foobrdigital.com/update-query/",
    "title": {
      "rendered": "UPDATE Query"
    },
    "content": {
      "rendered": "\n<p>There may be a requirement where the existing data in a MySQL table needs to be modified. You can do so by using the SQL&nbsp;<strong>UPDATE</strong>&nbsp;command. This will modify any field value of any MySQL table.</p>\n\n\n\n<h3>Syntax</h3>\n\n\n\n<p>The following code block has a generic SQL syntax of the UPDATE command to modify the data in the MySQL table −</p>\n\n\n\n<pre class=\"wp-block-code\"><code>UPDATE table_name SET field1 = new-value1, field2 = new-value2\n&#91;WHERE Clause]</code></pre>\n\n\n\n<ul><li>You can update one or more field altogether.</li><li>You can specify any condition using the WHERE clause.</li><li>You can update the values in a single table at a time.</li></ul>\n\n\n\n<p>The WHERE clause is very useful when you want to update the selected rows in a table.</p>\n\n\n\n<h2>Updating Data from the Command Prompt</h2>\n\n\n\n<p>This will use the SQL UPDATE command with the WHERE clause to update the selected data in the MySQL table&nbsp;<strong>tutorials_tbl</strong>.</p>\n\n\n\n<h3>Example</h3>\n\n\n\n<p>The following example will update the <strong>tutorial_title</strong> field for a record having the tutorial_id as 3.</p>\n\n\n\n<pre class=\"wp-block-code\"><code>root@host# mysql -u root -p password;\nEnter password:*******\n\nmysql> use TUTORIALS;\nDatabase changed\n\nmysql> UPDATE tutorials_tbl \n   -> SET tutorial_title = 'Learning JAVA' \n   -> WHERE tutorial_id = 3;\nQuery OK, 1 row affected (0.04 sec)\nRows matched: 1  Changed: 1  Warnings: 0\n\nmysql></code></pre>\n\n\n\n<h2>Updating Data Using a PHP Script</h2>\n\n\n\n<p>You can use the SQL UPDATE command with or without the WHERE CLAUSE into the PHP function –&nbsp;<strong>mysql_query()</strong>. This function will execute the SQL command in a similar way it is executed at the mysql&gt; prompt.</p>\n\n\n\n<h3>Example</h3>\n\n\n\n<p>The following example to update the <strong>tutorial_title</strong> field for a record having tutorial_id as 3.</p>\n\n\n\n<pre class=\"wp-block-code\"><code>&lt;?php\n   $dbhost = 'localhost:3036';\n   $dbuser = 'root';\n   $dbpass = 'rootpassword';\n   $conn = mysql_connect($dbhost, $dbuser, $dbpass);\n   \n   if(! $conn ) {\n      die('Could not connect: ' . mysql_error());\n   }\n\n   $sql = 'UPDATE tutorials_tbl\n      SET tutorial_title=\"Learning JAVA\"\n      WHERE tutorial_id=3';\n\n   mysql_select_db('TUTORIALS');\n   $retval = mysql_query( $sql, $conn );\n   \n   if(! $retval ) {\n      die('Could not update data: ' . mysql_error());\n   }\n   echo \"Updated data successfully\\n\";\n   mysql_close($conn);\n?></code></pre>\n",
      "protected": false
    },
    "excerpt": {
      "rendered": "<p>There may be a requirement where the existing data in a MySQL table needs to be modified. You can do so by using the SQL&nbsp;UPDATE&nbsp;command. This will modify any field value of any MySQL table. Syntax The following code block has a generic SQL syntax of the UPDATE command to modify the data in the [&hellip;]</p>\n",
      "protected": false
    },
    "author": 1,
    "featured_media": 0,
    "comment_status": "open",
    "ping_status": "open",
    "sticky": false,
    "template": "",
    "format": "standard",
    "meta": [],
    "categories": [
      27
    ],
    "tags": [],
    "_links": {
      "self": [
        {
          "href": "https://computerprogramming.foobrdigital.com/wp-json/wp/v2/posts/4259"
        }
      ],
      "collection": [
        {
          "href": "https://computerprogramming.foobrdigital.com/wp-json/wp/v2/posts"
        }
      ],
      "about": [
        {
          "href": "https://computerprogramming.foobrdigital.com/wp-json/wp/v2/types/post"
        }
      ],
      "author": [
        {
          "embeddable": true,
          "href": "https://computerprogramming.foobrdigital.com/wp-json/wp/v2/users/1"
        }
      ],
      "replies": [
        {
          "embeddable": true,
          "href": "https://computerprogramming.foobrdigital.com/wp-json/wp/v2/comments?post=4259"
        }
      ],
      "version-history": [
        {
          "count": 0,
          "href": "https://computerprogramming.foobrdigital.com/wp-json/wp/v2/posts/4259/revisions"
        }
      ],
      "wp:attachment": [
        {
          "href": "https://computerprogramming.foobrdigital.com/wp-json/wp/v2/media?parent=4259"
        }
      ],
      "wp:term": [
        {
          "taxonomy": "category",
          "embeddable": true,
          "href": "https://computerprogramming.foobrdigital.com/wp-json/wp/v2/categories?post=4259"
        },
        {
          "taxonomy": "post_tag",
          "embeddable": true,
          "href": "https://computerprogramming.foobrdigital.com/wp-json/wp/v2/tags?post=4259"
        }
      ],
      "curies": [
        {
          "name": "wp",
          "href": "https://api.w.org/{rel}",
          "templated": true
        }
      ]
    }
  },
  {
    "id": 4260,
    "date": "2020-06-15T11:15:02",
    "date_gmt": "2020-06-15T11:15:02",
    "guid": {
      "rendered": "http://php.foobrdigital.com/?p=312"
    },
    "modified": "2020-06-15T11:15:02",
    "modified_gmt": "2020-06-15T11:15:02",
    "slug": "delete-query",
    "status": "publish",
    "type": "post",
    "link": "https://computerprogramming.foobrdigital.com/delete-query/",
    "title": {
      "rendered": "DELETE Query"
    },
    "content": {
      "rendered": "\n<p>If you want to delete a record from any MySQL table, then you can use the SQL command&nbsp;<strong>DELETE FROM</strong>. You can use this command at the mysql&gt; prompt as well as in any script like PHP.</p>\n\n\n\n<h3>Syntax</h3>\n\n\n\n<p>The following code block has a generic SQL syntax of the DELETE command to delete data from a MySQL table.</p>\n\n\n\n<pre class=\"wp-block-code\"><code>DELETE FROM table_name &#91;WHERE Clause]\n</code></pre>\n\n\n\n<ul><li>If the WHERE clause is not specified, then all the records will be deleted from the given MySQL table.</li><li>You can specify any condition using the WHERE clause.</li><li>You can delete records in a single table at a time.</li></ul>\n\n\n\n<p>The WHERE clause is very useful when you want to delete selected rows in a table.</p>\n\n\n\n<h2>Deleting Data from the Command Prompt</h2>\n\n\n\n<p>This will use the SQL DELETE command with the WHERE clause to delete selected data into the MySQL table –&nbsp;<strong>tutorials_tbl</strong>.</p>\n\n\n\n<h3>Example</h3>\n\n\n\n<p>The following example will delete a record from the tutorial_tbl whose tutorial_id is 3.</p>\n\n\n\n<pre class=\"wp-block-code\"><code>root@host# mysql -u root -p password;\nEnter password:*******\n\nmysql> use TUTORIALS;\nDatabase changed\n\nmysql> DELETE FROM tutorials_tbl WHERE tutorial_id=3;\nQuery OK, 1 row affected (0.23 sec)\n\nmysql></code></pre>\n\n\n\n<h2>Deleting Data Using a PHP Script</h2>\n\n\n\n<p>You can use the SQL DELETE command with or without the WHERE CLAUSE into the PHP function –&nbsp;<strong>mysql_query()</strong>. This function will execute the SQL command in the same way as it is executed at the mysql&gt; prompt.</p>\n\n\n\n<h3>Example</h3>\n\n\n\n<p>Try the following example to delete a record from the tutorial_tbl whose tutorial_id is 3.</p>\n\n\n\n<pre class=\"wp-block-code\"><code>&lt;?php\n   $dbhost = 'localhost:3036';\n   $dbuser = 'root';\n   $dbpass = 'rootpassword';\n   $conn = mysql_connect($dbhost, $dbuser, $dbpass);\n   \n   if(! $conn ) {\n      die('Could not connect: ' . mysql_error());\n   }\n\n   $sql = 'DELETE FROM tutorials_tbl WHERE tutorial_id = 3';\n\n   mysql_select_db('TUTORIALS');\n   $retval = mysql_query( $sql, $conn );\n\n   if(! $retval ) {\n      die('Could not delete data: ' . mysql_error());\n   }\n   echo \"Deleted data successfully\\n\";\n   mysql_close($conn);\n?></code></pre>\n",
      "protected": false
    },
    "excerpt": {
      "rendered": "<p>If you want to delete a record from any MySQL table, then you can use the SQL command&nbsp;DELETE FROM. You can use this command at the mysql&gt; prompt as well as in any script like PHP. Syntax The following code block has a generic SQL syntax of the DELETE command to delete data from a [&hellip;]</p>\n",
      "protected": false
    },
    "author": 1,
    "featured_media": 0,
    "comment_status": "open",
    "ping_status": "open",
    "sticky": false,
    "template": "",
    "format": "standard",
    "meta": [],
    "categories": [
      27
    ],
    "tags": [],
    "_links": {
      "self": [
        {
          "href": "https://computerprogramming.foobrdigital.com/wp-json/wp/v2/posts/4260"
        }
      ],
      "collection": [
        {
          "href": "https://computerprogramming.foobrdigital.com/wp-json/wp/v2/posts"
        }
      ],
      "about": [
        {
          "href": "https://computerprogramming.foobrdigital.com/wp-json/wp/v2/types/post"
        }
      ],
      "author": [
        {
          "embeddable": true,
          "href": "https://computerprogramming.foobrdigital.com/wp-json/wp/v2/users/1"
        }
      ],
      "replies": [
        {
          "embeddable": true,
          "href": "https://computerprogramming.foobrdigital.com/wp-json/wp/v2/comments?post=4260"
        }
      ],
      "version-history": [
        {
          "count": 0,
          "href": "https://computerprogramming.foobrdigital.com/wp-json/wp/v2/posts/4260/revisions"
        }
      ],
      "wp:attachment": [
        {
          "href": "https://computerprogramming.foobrdigital.com/wp-json/wp/v2/media?parent=4260"
        }
      ],
      "wp:term": [
        {
          "taxonomy": "category",
          "embeddable": true,
          "href": "https://computerprogramming.foobrdigital.com/wp-json/wp/v2/categories?post=4260"
        },
        {
          "taxonomy": "post_tag",
          "embeddable": true,
          "href": "https://computerprogramming.foobrdigital.com/wp-json/wp/v2/tags?post=4260"
        }
      ],
      "curies": [
        {
          "name": "wp",
          "href": "https://api.w.org/{rel}",
          "templated": true
        }
      ]
    }
  },
  {
    "id": 4245,
    "date": "2020-06-15T11:15:56",
    "date_gmt": "2020-06-15T11:15:56",
    "guid": {
      "rendered": "http://php.foobrdigital.com/?p=297"
    },
    "modified": "2020-06-15T11:15:56",
    "modified_gmt": "2020-06-15T11:15:56",
    "slug": "like-clause",
    "status": "publish",
    "type": "post",
    "link": "https://computerprogramming.foobrdigital.com/like-clause/",
    "title": {
      "rendered": "LIKE Clause"
    },
    "content": {
      "rendered": "\n<p>We have seen the SQL&nbsp;<strong>SELECT</strong>&nbsp;command to fetch data from the MySQL table. We can also use a conditional clause called as the&nbsp;<strong>WHERE</strong>&nbsp;clause to select the required records.</p>\n\n\n\n<p>A WHERE clause with the ‘equal to’ sign (=) works fine where we want to do an exact match. Like if &#8220;tutorial_author = &#8216;Sanjay'&#8221;. But there may be a requirement where we want to filter out all the results where tutorial_author name should contain &#8220;jay&#8221;. This can be handled using&nbsp;<strong>SQL LIKE Clause</strong>&nbsp;along with the WHERE clause.</p>\n\n\n\n<p>If the SQL LIKE clause is used along with the % character, then it will work like a meta character (*) as in UNIX, while listing out all the files or directories at the command prompt. Without a % character, the LIKE clause is very same as the&nbsp;<strong>equal to</strong>&nbsp;sign along with the WHERE clause.</p>\n\n\n\n<h3>Syntax</h3>\n\n\n\n<p>The following code block has a generic SQL syntax of the SELECT command along with the LIKE clause to fetch data from a MySQL table.</p>\n\n\n\n<pre class=\"wp-block-code\"><code>SELECT field1, field2,...fieldN table_name1, table_name2...\nWHERE field1 LIKE condition1 &#91;AND &#91;OR]] filed2 = 'somevalue'</code></pre>\n\n\n\n<ul><li>You can specify any condition using the WHERE clause.</li><li>You can use the LIKE clause along with the WHERE clause.</li><li>You can use the LIKE clause in place of the&nbsp;<strong>equals to</strong>&nbsp;sign.</li><li>When LIKE is used along with % sign then it will work like a meta character search.</li><li>You can specify more than one condition using&nbsp;<strong>AND</strong>&nbsp;or&nbsp;<strong>OR</strong>&nbsp;operators.</li><li>A WHERE&#8230;LIKE clause can be used along with DELETE or UPDATE SQL command also to specify a condition.</li></ul>\n\n\n\n<h2>Using the LIKE clause at the Command Prompt</h2>\n\n\n\n<p>This will use the SQL SELECT command with the WHERE&#8230;LIKE clause to fetch the selected data from the MySQL table –&nbsp;<strong>tutorials_tbl</strong>.</p>\n\n\n\n<h3>Example</h3>\n\n\n\n<p>The following example will return all the records from the <strong>tutorials_tbl</strong> table for which the author name ends with <strong>jay</strong> −</p>\n\n\n\n<pre class=\"wp-block-code\"><code>root@host# mysql -u root -p password;\nEnter password:*******\nmysql> use TUTORIALS;\nDatabase changed\nmysql> SELECT * from tutorials_tbl \n   -> WHERE tutorial_author LIKE '%jay';\n+-------------+----------------+-----------------+-----------------+\n| tutorial_id | tutorial_title | tutorial_author | submission_date |\n+-------------+----------------+-----------------+-----------------+\n|      3      |  JAVA Tutorial |     Sanjay      |    2007-05-21   |   \n+-------------+----------------+-----------------+-----------------+\n1 rows in set (0.01 sec)\n\nmysql></code></pre>\n\n\n\n<h2>Using LIKE clause inside PHP Script</h2>\n\n\n\n<p>You can use similar syntax of the WHERE&#8230;LIKE clause into the PHP function –&nbsp;<strong>mysql_query()</strong>. This function is used to execute the SQL command and later another PHP function –&nbsp;<strong>mysql_fetch_array()</strong>&nbsp;can be used to fetch all the selected data, if the WHERE&#8230;LIKE clause is used along with the SELECT command.</p>\n\n\n\n<p>But if the WHERE&#8230;LIKE clause is being used with the DELETE or UPDATE command, then no further PHP function call is required.</p>\n\n\n\n<h3>Example</h3>\n\n\n\n<p>Try out the following example to return all the records from the <strong>tutorials_tbl</strong> table for which the author name contains <strong>jay</strong> −</p>\n\n\n\n<pre class=\"wp-block-code\"><code>&lt;?php\n   $dbhost = 'localhost:3036';\n   $dbuser = 'root';\n   $dbpass = 'rootpassword';\n   $conn = mysql_connect($dbhost, $dbuser, $dbpass);\n\n   if(! $conn ) {\n      die('Could not connect: ' . mysql_error());\n   }\n   $sql = 'SELECT tutorial_id, tutorial_title, \n      tutorial_author, submission_date\n      FROM tutorials_tbl\n      WHERE tutorial_author LIKE \"%jay%\"';\n\n   mysql_select_db('TUTORIALS');\n   $retval = mysql_query( $sql, $conn );\n   \n   if(! $retval ) {\n      die('Could not get data: ' . mysql_error());\n   }\n\n   while($row = mysql_fetch_array($retval, MYSQL_ASSOC)) {\n      echo \"Tutorial ID :{$row&#91;'tutorial_id']}  &lt;br> \".\n         \"Title: {$row&#91;'tutorial_title']} &lt;br> \".\n         \"Author: {$row&#91;'tutorial_author']} &lt;br> \".\n         \"Submission Date : {$row&#91;'submission_date']} &lt;br> \".\n         \"--------------------------------&lt;br>\";\n   } \n   echo \"Fetched data successfully\\n\";\n   mysql_close($conn);\n?></code></pre>\n",
      "protected": false
    },
    "excerpt": {
      "rendered": "<p>We have seen the SQL&nbsp;SELECT&nbsp;command to fetch data from the MySQL table. We can also use a conditional clause called as the&nbsp;WHERE&nbsp;clause to select the required records. A WHERE clause with the ‘equal to’ sign (=) works fine where we want to do an exact match. Like if &#8220;tutorial_author = &#8216;Sanjay&#8217;&#8221;. But there may be [&hellip;]</p>\n",
      "protected": false
    },
    "author": 1,
    "featured_media": 0,
    "comment_status": "open",
    "ping_status": "open",
    "sticky": false,
    "template": "",
    "format": "standard",
    "meta": [],
    "categories": [
      27
    ],
    "tags": [],
    "_links": {
      "self": [
        {
          "href": "https://computerprogramming.foobrdigital.com/wp-json/wp/v2/posts/4245"
        }
      ],
      "collection": [
        {
          "href": "https://computerprogramming.foobrdigital.com/wp-json/wp/v2/posts"
        }
      ],
      "about": [
        {
          "href": "https://computerprogramming.foobrdigital.com/wp-json/wp/v2/types/post"
        }
      ],
      "author": [
        {
          "embeddable": true,
          "href": "https://computerprogramming.foobrdigital.com/wp-json/wp/v2/users/1"
        }
      ],
      "replies": [
        {
          "embeddable": true,
          "href": "https://computerprogramming.foobrdigital.com/wp-json/wp/v2/comments?post=4245"
        }
      ],
      "version-history": [
        {
          "count": 0,
          "href": "https://computerprogramming.foobrdigital.com/wp-json/wp/v2/posts/4245/revisions"
        }
      ],
      "wp:attachment": [
        {
          "href": "https://computerprogramming.foobrdigital.com/wp-json/wp/v2/media?parent=4245"
        }
      ],
      "wp:term": [
        {
          "taxonomy": "category",
          "embeddable": true,
          "href": "https://computerprogramming.foobrdigital.com/wp-json/wp/v2/categories?post=4245"
        },
        {
          "taxonomy": "post_tag",
          "embeddable": true,
          "href": "https://computerprogramming.foobrdigital.com/wp-json/wp/v2/tags?post=4245"
        }
      ],
      "curies": [
        {
          "name": "wp",
          "href": "https://api.w.org/{rel}",
          "templated": true
        }
      ]
    }
  },
  {
    "id": 4243,
    "date": "2020-06-15T11:16:48",
    "date_gmt": "2020-06-15T11:16:48",
    "guid": {
      "rendered": "http://php.foobrdigital.com/?p=295"
    },
    "modified": "2020-06-15T11:16:48",
    "modified_gmt": "2020-06-15T11:16:48",
    "slug": "sorting-results",
    "status": "publish",
    "type": "post",
    "link": "https://computerprogramming.foobrdigital.com/sorting-results/",
    "title": {
      "rendered": "Sorting Results"
    },
    "content": {
      "rendered": "\n<p>We have seen the SQL&nbsp;<strong>SELECT</strong>&nbsp;command to fetch data from a MySQL table. When you select rows, the MySQL server is free to return them in any order, unless you instruct it otherwise by saying how to sort the result. But, you sort a result set by adding an&nbsp;<strong>ORDER BY</strong>&nbsp;clause that names the column or columns which you want to sort.</p>\n\n\n\n<h3>Syntax</h3>\n\n\n\n<p>The following code block is a generic SQL syntax of the SELECT command along with the ORDER BY clause to sort the data from a MySQL table.</p>\n\n\n\n<pre class=\"wp-block-code\"><code>SELECT field1, field2,...fieldN table_name1, table_name2...\nORDER BY field1, &#91;field2...] &#91;ASC &#91;DESC]]</code></pre>\n\n\n\n<ul><li>You can sort the returned result on any field, if that field is being listed out.</li><li>You can sort the result on more than one field.</li><li>You can use the keyword ASC or DESC to get result in ascending or descending order. By default, it&#8217;s the ascending order.</li><li>You can use the WHERE&#8230;LIKE clause in the usual way to put a condition.</li></ul>\n\n\n\n<h2>Using ORDER BY clause at the Command Prompt</h2>\n\n\n\n<p>This will use the SQL SELECT command with the&nbsp;<strong>ORDER BY</strong>&nbsp;clause to fetch data from the MySQL table –&nbsp;<strong>tutorials_tbl</strong>.</p>\n\n\n\n<h3>Example</h3>\n\n\n\n<p>Try out the following example, which returns the result in an ascending order.</p>\n\n\n\n<pre class=\"wp-block-code\"><code>root@host# mysql -u root -p password;\nEnter password:*******\nmysql> use TUTORIALS;\nDatabase changed\nmysql> SELECT * from tutorials_tbl ORDER BY tutorial_author ASC\n+-------------+----------------+-----------------+-----------------+\n| tutorial_id | tutorial_title | tutorial_author | submission_date |\n+-------------+----------------+-----------------+-----------------+\n|      2      |  Learn MySQL   |     Abdul S     |    2007-05-24   |   \n|      1      |   Learn PHP    |    John Poul    |    2007-05-24   |   \n|      3      | JAVA Tutorial  |     Sanjay      |    2007-05-06   |   \n+-------------+----------------+-----------------+-----------------+\n3 rows in set (0.42 sec)\n\nmysql></code></pre>\n\n\n\n<p>Verify all the author names that are listed out in the ascending order.</p>\n\n\n\n<h2>Using ORDER BY clause inside a PHP Script</h2>\n\n\n\n<p>You can use a similar syntax of the ORDER BY clause into the PHP function –&nbsp;<strong>mysql_query()</strong>. This function is used to execute the SQL command and later another PHP function&nbsp;<strong>mysql_fetch_array()</strong>&nbsp;can be used to fetch all the selected data.</p>\n\n\n\n<h3>Example</h3>\n\n\n\n<p>Try out the following example, which returns the result in a descending order of the tutorial authors.</p>\n\n\n\n<pre class=\"wp-block-code\"><code>&lt;?php\n   $dbhost = 'localhost:3036';\n   $dbuser = 'root';\n   $dbpass = 'rootpassword';\n   $conn = mysql_connect($dbhost, $dbuser, $dbpass);\n   \n   if(! $conn ) {\n      die('Could not connect: ' . mysql_error());\n   }\n   $sql = 'SELECT tutorial_id, tutorial_title, \n      tutorial_author, submission_date\n      FROM tutorials_tbl\n      ORDER BY  tutorial_author DESC';\n\n   mysql_select_db('TUTORIALS');\n   $retval = mysql_query( $sql, $conn );\n   \n   if(! $retval ) {\n      die('Could not get data: ' . mysql_error());\n   }\n\n   while($row = mysql_fetch_array($retval, MYSQL_ASSOC)) {\n      echo \"Tutorial ID :{$row&#91;'tutorial_id']}  &lt;br> \".\n         \"Title: {$row&#91;'tutorial_title']} &lt;br> \".\n         \"Author: {$row&#91;'tutorial_author']} &lt;br> \".\n         \"Submission Date : {$row&#91;'submission_date']} &lt;br> \".\n         \"--------------------------------&lt;br>\";\n   } \n   echo \"Fetched data successfully\\n\";\n   mysql_close($conn);\n?></code></pre>\n",
      "protected": false
    },
    "excerpt": {
      "rendered": "<p>We have seen the SQL&nbsp;SELECT&nbsp;command to fetch data from a MySQL table. When you select rows, the MySQL server is free to return them in any order, unless you instruct it otherwise by saying how to sort the result. But, you sort a result set by adding an&nbsp;ORDER BY&nbsp;clause that names the column or columns [&hellip;]</p>\n",
      "protected": false
    },
    "author": 1,
    "featured_media": 0,
    "comment_status": "open",
    "ping_status": "open",
    "sticky": false,
    "template": "",
    "format": "standard",
    "meta": [],
    "categories": [
      27
    ],
    "tags": [],
    "_links": {
      "self": [
        {
          "href": "https://computerprogramming.foobrdigital.com/wp-json/wp/v2/posts/4243"
        }
      ],
      "collection": [
        {
          "href": "https://computerprogramming.foobrdigital.com/wp-json/wp/v2/posts"
        }
      ],
      "about": [
        {
          "href": "https://computerprogramming.foobrdigital.com/wp-json/wp/v2/types/post"
        }
      ],
      "author": [
        {
          "embeddable": true,
          "href": "https://computerprogramming.foobrdigital.com/wp-json/wp/v2/users/1"
        }
      ],
      "replies": [
        {
          "embeddable": true,
          "href": "https://computerprogramming.foobrdigital.com/wp-json/wp/v2/comments?post=4243"
        }
      ],
      "version-history": [
        {
          "count": 0,
          "href": "https://computerprogramming.foobrdigital.com/wp-json/wp/v2/posts/4243/revisions"
        }
      ],
      "wp:attachment": [
        {
          "href": "https://computerprogramming.foobrdigital.com/wp-json/wp/v2/media?parent=4243"
        }
      ],
      "wp:term": [
        {
          "taxonomy": "category",
          "embeddable": true,
          "href": "https://computerprogramming.foobrdigital.com/wp-json/wp/v2/categories?post=4243"
        },
        {
          "taxonomy": "post_tag",
          "embeddable": true,
          "href": "https://computerprogramming.foobrdigital.com/wp-json/wp/v2/tags?post=4243"
        }
      ],
      "curies": [
        {
          "name": "wp",
          "href": "https://api.w.org/{rel}",
          "templated": true
        }
      ]
    }
  },
  {
    "id": 4242,
    "date": "2020-06-15T11:17:53",
    "date_gmt": "2020-06-15T11:17:53",
    "guid": {
      "rendered": "http://php.foobrdigital.com/?p=294"
    },
    "modified": "2020-06-15T11:17:53",
    "modified_gmt": "2020-06-15T11:17:53",
    "slug": "using-mysql-joins",
    "status": "publish",
    "type": "post",
    "link": "https://computerprogramming.foobrdigital.com/using-mysql-joins/",
    "title": {
      "rendered": "Using MySQl Joins"
    },
    "content": {
      "rendered": "\n<p>In the previous chapters, we were getting data from one table at a time. This is good enough for simple takes, but in most of the real world MySQL usages, you will often need to get data from multiple tables in a single query.</p>\n\n\n\n<p>You can use multiple tables in your single SQL query. The act of joining in MySQL refers to smashing two or more tables into a single table.</p>\n\n\n\n<p>You can use JOINS in the SELECT, UPDATE and DELETE statements to join the MySQL tables. We will see an example of the LEFT JOIN also which is different from the simple MySQL JOIN.</p>\n\n\n\n<h2>Using Joins at the Command Prompt</h2>\n\n\n\n<p>Assume we have two tables&nbsp;<strong>tcount_tbl</strong>&nbsp;and&nbsp;<strong>tutorials_tbl</strong>, in TUTORIALS. Now take a look at the examples given below −</p>\n\n\n\n<h3>Example</h3>\n\n\n\n<p>The following examples −</p>\n\n\n\n<pre class=\"wp-block-code\"><code>root@host# mysql -u root -p password;\nEnter password:*******\nmysql> use TUTORIALS;\nDatabase changed\nmysql> SELECT * FROM tcount_tbl;\n+-----------------+----------------+\n| tutorial_author | tutorial_count |\n+-----------------+----------------+\n|      mahran     |       20       |     \n|      mahnaz     |      NULL      |        \n|       Jen       |      NULL      |          \n|      Gill       |       20       |          \n|    John Poul    |        1       |      \n|     Sanjay      |        1       |        \n+-----------------+----------------+\n6 rows in set (0.01 sec)\nmysql> SELECT * from tutorials_tbl;\n+-------------+----------------+-----------------+-----------------+\n| tutorial_id | tutorial_title | tutorial_author | submission_date |\n+-------------+----------------+-----------------+-----------------+\n|      1      |  Learn PHP     |     John Poul   |    2007-05-24   |   \n|      2      |  Learn MySQL   |      Abdul S    |    2007-05-24   |   \n|      3      | JAVA Tutorial  |      Sanjay     |    2007-05-06   |   \n+-------------+----------------+-----------------+-----------------+\n3 rows in set (0.00 sec)\nmysql></code></pre>\n\n\n\n<p>Now we can write an SQL query to join these two tables. This query will select all the authors from table <strong>tutorials_tbl</strong> and will pick up the corresponding number of tutorials from the <strong>tcount_tbl</strong>.</p>\n\n\n\n<pre class=\"wp-block-code\"><code>mysql> SELECT a.tutorial_id, a.tutorial_author, b.tutorial_count\n   -> FROM tutorials_tbl a, tcount_tbl b\n   -> WHERE a.tutorial_author = b.tutorial_author;\n+-------------+-----------------+----------------+\n| tutorial_id | tutorial_author | tutorial_count |\n+-------------+-----------------+----------------+\n|      1      |    John Poul    |        1       |\n|      3      |     Sanjay      |        1       |\n+-------------+-----------------+----------------+\n2 rows in set (0.01 sec)\nmysql></code></pre>\n\n\n\n<h2>Using Joins in a PHP Script</h2>\n\n\n\n<p>You can use any of the above-mentioned SQL query in the PHP script. You only need to pass the SQL query into the PHP function&nbsp;<strong>mysql_query()</strong>&nbsp;and then you will fetch results in the usual way.</p>\n\n\n\n<h3>Example</h3>\n\n\n\n<p>The following example −</p>\n\n\n\n<pre class=\"wp-block-code\"><code>&lt;?php\n   $dbhost = 'localhost:3036';\n   $dbuser = 'root';\n   $dbpass = 'rootpassword';\n   $conn = mysql_connect($dbhost, $dbuser, $dbpass);\n   \n   if(! $conn ) {\n      die('Could not connect: ' . mysql_error());\n   }\n\n   $sql = 'SELECT a.tutorial_id, a.tutorial_author, b.tutorial_count\n      FROM tutorials_tbl a, tcount_tbl b\n      WHERE a.tutorial_author = b.tutorial_author';\n\n   mysql_select_db('TUTORIALS');\n   $retval = mysql_query( $sql, $conn );\n\n   if(! $retval ) {\n      die('Could not get data: ' . mysql_error());\n   }\n\n   while($row = mysql_fetch_array($retval, MYSQL_ASSOC)) {\n      echo \"Author:{$row&#91;'tutorial_author']}  &lt;br> \".\n         \"Count: {$row&#91;'tutorial_count']} &lt;br> \".\n         \"Tutorial ID: {$row&#91;'tutorial_id']} &lt;br> \".\n         \"--------------------------------&lt;br>\";\n   } \n   echo \"Fetched data successfully\\n\";\n   mysql_close($conn);\n?></code></pre>\n\n\n\n<h2>MySQL LEFT JOIN</h2>\n\n\n\n<p>A MySQL left join is different from a simple join. A MySQL LEFT JOIN gives some extra consideration to the table that is on the left.</p>\n\n\n\n<p>If I do a&nbsp;<strong>LEFT JOIN</strong>, I get all the records that match in the same way and IN ADDITION I get an extra record for each unmatched record in the left table of the join: thus ensuring (in my example) that every AUTHOR gets a mention.</p>\n\n\n\n<h3>Example</h3>\n\n\n\n<p>Try the following example to understand the LEFT JOIN.</p>\n\n\n\n<pre class=\"wp-block-code\"><code>root@host# mysql -u root -p password;\nEnter password:*******\nmysql> use TUTORIALS;\nDatabase changed\nmysql> SELECT a.tutorial_id, a.tutorial_author, b.tutorial_count\n   -> FROM tutorials_tbl a LEFT JOIN tcount_tbl b\n   -> ON a.tutorial_author = b.tutorial_author;\n+-------------+-----------------+----------------+\n| tutorial_id | tutorial_author | tutorial_count |\n+-------------+-----------------+----------------+\n|      1      |    John Poul    |       1        |\n|      2      |     Abdul S     |      NULL      |\n|      3      |     Sanjay      |       1        |\n+-------------+-----------------+----------------+\n3 rows in set (0.02 sec)</code></pre>\n\n\n\n<p>You would need to do more practice to become familiar with JOINS. This is slightly a bit complex concept in MySQL/SQL and will become more clear while doing real examples.</p>\n",
      "protected": false
    },
    "excerpt": {
      "rendered": "<p>In the previous chapters, we were getting data from one table at a time. This is good enough for simple takes, but in most of the real world MySQL usages, you will often need to get data from multiple tables in a single query. You can use multiple tables in your single SQL query. The [&hellip;]</p>\n",
      "protected": false
    },
    "author": 1,
    "featured_media": 0,
    "comment_status": "open",
    "ping_status": "open",
    "sticky": false,
    "template": "",
    "format": "standard",
    "meta": [],
    "categories": [
      27
    ],
    "tags": [],
    "_links": {
      "self": [
        {
          "href": "https://computerprogramming.foobrdigital.com/wp-json/wp/v2/posts/4242"
        }
      ],
      "collection": [
        {
          "href": "https://computerprogramming.foobrdigital.com/wp-json/wp/v2/posts"
        }
      ],
      "about": [
        {
          "href": "https://computerprogramming.foobrdigital.com/wp-json/wp/v2/types/post"
        }
      ],
      "author": [
        {
          "embeddable": true,
          "href": "https://computerprogramming.foobrdigital.com/wp-json/wp/v2/users/1"
        }
      ],
      "replies": [
        {
          "embeddable": true,
          "href": "https://computerprogramming.foobrdigital.com/wp-json/wp/v2/comments?post=4242"
        }
      ],
      "version-history": [
        {
          "count": 0,
          "href": "https://computerprogramming.foobrdigital.com/wp-json/wp/v2/posts/4242/revisions"
        }
      ],
      "wp:attachment": [
        {
          "href": "https://computerprogramming.foobrdigital.com/wp-json/wp/v2/media?parent=4242"
        }
      ],
      "wp:term": [
        {
          "taxonomy": "category",
          "embeddable": true,
          "href": "https://computerprogramming.foobrdigital.com/wp-json/wp/v2/categories?post=4242"
        },
        {
          "taxonomy": "post_tag",
          "embeddable": true,
          "href": "https://computerprogramming.foobrdigital.com/wp-json/wp/v2/tags?post=4242"
        }
      ],
      "curies": [
        {
          "name": "wp",
          "href": "https://api.w.org/{rel}",
          "templated": true
        }
      ]
    }
  },
  {
    "id": 4241,
    "date": "2020-06-15T11:19:02",
    "date_gmt": "2020-06-15T11:19:02",
    "guid": {
      "rendered": "http://php.foobrdigital.com/?p=293"
    },
    "modified": "2020-06-15T11:19:02",
    "modified_gmt": "2020-06-15T11:19:02",
    "slug": "handling-mysql-null-values",
    "status": "publish",
    "type": "post",
    "link": "https://computerprogramming.foobrdigital.com/handling-mysql-null-values/",
    "title": {
      "rendered": "Handling MySQL NULL Values"
    },
    "content": {
      "rendered": "\n<p>We have seen the SQL&nbsp;<strong>SELECT</strong>&nbsp;command along with the&nbsp;<strong>WHERE</strong>&nbsp;clause to fetch data from a MySQL table, but when we try to give a condition, which compares the field or the column value to&nbsp;<strong>NULL</strong>, it does not work properly.</p>\n\n\n\n<p>To handle such a situation, MySQL provides three operators −</p>\n\n\n\n<ul><li><strong>IS NULL</strong>&nbsp;− This operator returns true, if the column value is NULL.</li><li><strong>IS NOT NULL</strong>&nbsp;− This operator returns true, if the column value is not NULL.</li><li><strong>&lt;=&gt;</strong>&nbsp;− This operator compares values, which (unlike the = operator) is true even for two NULL values.</li></ul>\n\n\n\n<p>The conditions involving NULL are special. You cannot use =&nbsp;<strong>NULL</strong>&nbsp;or !=&nbsp;<strong>NULL</strong>&nbsp;to look for NULL values in columns. Such comparisons always fail because it is impossible to tell whether they are true or not. Sometimes, even NULL = NULL fails.</p>\n\n\n\n<p>To look for columns that are or are not NULL, use&nbsp;<strong>IS NULL</strong>&nbsp;or&nbsp;<strong>IS NOT NULL</strong>.</p>\n\n\n\n<h2>Using NULL values at the Command Prompt</h2>\n\n\n\n<p>Assume that there is a table called&nbsp;<strong>tcount_tbl</strong>&nbsp;in the TUTORIALS database and it contains two columns namely&nbsp;<strong>tutorial_author</strong>&nbsp;and&nbsp;<strong>tutorial_count</strong>, where a NULL tutorial_count indicates that the value is unknown.</p>\n\n\n\n<h3>Example</h3>\n\n\n\n<p>Try the following examples −</p>\n\n\n\n<pre class=\"wp-block-code\"><code>root@host# mysql -u root -p password;\nEnter password:*******\n\nmysql> use TUTORIALS;\nDatabase changed\n\nmysql> create table tcount_tbl\n   -> (\n   -> tutorial_author varchar(40) NOT NULL,\n   -> tutorial_count  INT\n   -> );\nQuery OK, 0 rows affected (0.05 sec)\n\nmysql> INSERT INTO tcount_tbl\n   -> (tutorial_author, tutorial_count) values ('mahran', 20);\n\nmysql> INSERT INTO tcount_tbl\n   -> (tutorial_author, tutorial_count) values ('mahnaz', NULL);\n\nmysql> INSERT INTO tcount_tbl\n   -> (tutorial_author, tutorial_count) values ('Jen', NULL);\n\nmysql> INSERT INTO tcount_tbl\n   -> (tutorial_author, tutorial_count) values ('Gill', 20);\n\nmysql> SELECT * from tcount_tbl;\n+-----------------+----------------+\n| tutorial_author | tutorial_count |\n+-----------------+----------------+\n|     mahran      |       20       |\n|     mahnaz      |      NULL      |\n|      Jen        |      NULL      |\n|     Gill        |       20       |\n+-----------------+----------------+\n4 rows in set (0.00 sec)\n\nmysql></code></pre>\n\n\n\n<p>You can see that = and <strong>!=</strong> do not work with NULL values as follows −</p>\n\n\n\n<pre class=\"wp-block-code\"><code>mysql> SELECT * FROM tcount_tbl WHERE tutorial_count = NULL;\nEmpty set (0.00 sec)\n\nmysql> SELECT * FROM tcount_tbl WHERE tutorial_count != NULL;\nEmpty set (0.01 sec)</code></pre>\n\n\n\n<p>To find the records where the tutorial_count column is or is not NULL, the queries should be written as shown in the following program.</p>\n\n\n\n<pre class=\"wp-block-code\"><code>mysql> SELECT * FROM tcount_tbl \n   -> WHERE tutorial_count IS NULL;\n+-----------------+----------------+\n| tutorial_author | tutorial_count |\n+-----------------+----------------+\n|     mahnaz      |      NULL      |\n|      Jen        |      NULL      |\n+-----------------+----------------+\n2 rows in set (0.00 sec)\nmysql> SELECT * from tcount_tbl \n   -> WHERE tutorial_count IS NOT NULL;\n+-----------------+----------------+\n| tutorial_author | tutorial_count |\n+-----------------+----------------+\n|     mahran      |       20       |\n|     Gill        |       20       |\n+-----------------+----------------+\n2 rows in set (0.00 sec)</code></pre>\n\n\n\n<h2>Handling NULL Values in a PHP Script</h2>\n\n\n\n<p>You can use the&nbsp;<strong>if&#8230;else</strong>&nbsp;condition to prepare a query based on the NULL value.</p>\n\n\n\n<h3>Example</h3>\n\n\n\n<p>The following example takes the <strong>tutorial_count</strong> from outside and then compares it with the value available in the table.</p>\n\n\n\n<pre class=\"wp-block-code\"><code>&lt;?php\n   $dbhost = 'localhost:3036';\n   $dbuser = 'root';\n   $dbpass = 'rootpassword';\n   $conn = mysql_connect($dbhost, $dbuser, $dbpass);\n\n   if(! $conn ) {\n      die('Could not connect: ' . mysql_error());\n   }\n\n   if( isset($tutorial_count )) {\n      $sql = 'SELECT tutorial_author, tutorial_count\n         FROM  tcount_tbl\n         WHERE tutorial_count = $tutorial_count';\n   } else {\n      $sql = 'SELECT tutorial_author, tutorial_count\n         FROM  tcount_tbl\n         WHERE tutorial_count IS $tutorial_count';\n   }\n\n   mysql_select_db('TUTORIALS');\n   $retval = mysql_query( $sql, $conn );\n   \n   if(! $retval ) {\n      die('Could not get data: ' . mysql_error());\n   }\n\n   while($row = mysql_fetch_array($retval, MYSQL_ASSOC)) {\n      echo \"Author:{$row&#91;'tutorial_author']}  &lt;br> \".\n         \"Count: {$row&#91;'tutorial_count']} &lt;br> \".\n         \"--------------------------------&lt;br>\";\n   } \n   echo \"Fetched data successfully\\n\";\n   mysql_close($conn);\n?></code></pre>\n",
      "protected": false
    },
    "excerpt": {
      "rendered": "<p>We have seen the SQL&nbsp;SELECT&nbsp;command along with the&nbsp;WHERE&nbsp;clause to fetch data from a MySQL table, but when we try to give a condition, which compares the field or the column value to&nbsp;NULL, it does not work properly. To handle such a situation, MySQL provides three operators − IS NULL&nbsp;− This operator returns true, if the [&hellip;]</p>\n",
      "protected": false
    },
    "author": 1,
    "featured_media": 0,
    "comment_status": "open",
    "ping_status": "open",
    "sticky": false,
    "template": "",
    "format": "standard",
    "meta": [],
    "categories": [
      27
    ],
    "tags": [],
    "_links": {
      "self": [
        {
          "href": "https://computerprogramming.foobrdigital.com/wp-json/wp/v2/posts/4241"
        }
      ],
      "collection": [
        {
          "href": "https://computerprogramming.foobrdigital.com/wp-json/wp/v2/posts"
        }
      ],
      "about": [
        {
          "href": "https://computerprogramming.foobrdigital.com/wp-json/wp/v2/types/post"
        }
      ],
      "author": [
        {
          "embeddable": true,
          "href": "https://computerprogramming.foobrdigital.com/wp-json/wp/v2/users/1"
        }
      ],
      "replies": [
        {
          "embeddable": true,
          "href": "https://computerprogramming.foobrdigital.com/wp-json/wp/v2/comments?post=4241"
        }
      ],
      "version-history": [
        {
          "count": 0,
          "href": "https://computerprogramming.foobrdigital.com/wp-json/wp/v2/posts/4241/revisions"
        }
      ],
      "wp:attachment": [
        {
          "href": "https://computerprogramming.foobrdigital.com/wp-json/wp/v2/media?parent=4241"
        }
      ],
      "wp:term": [
        {
          "taxonomy": "category",
          "embeddable": true,
          "href": "https://computerprogramming.foobrdigital.com/wp-json/wp/v2/categories?post=4241"
        },
        {
          "taxonomy": "post_tag",
          "embeddable": true,
          "href": "https://computerprogramming.foobrdigital.com/wp-json/wp/v2/tags?post=4241"
        }
      ],
      "curies": [
        {
          "name": "wp",
          "href": "https://api.w.org/{rel}",
          "templated": true
        }
      ]
    }
  },
  {
    "id": 4266,
    "date": "2020-06-15T11:20:17",
    "date_gmt": "2020-06-15T11:20:17",
    "guid": {
      "rendered": "http://php.foobrdigital.com/?p=292"
    },
    "modified": "2020-06-15T11:20:17",
    "modified_gmt": "2020-06-15T11:20:17",
    "slug": "regexps",
    "status": "publish",
    "type": "post",
    "link": "https://computerprogramming.foobrdigital.com/regexps/",
    "title": {
      "rendered": "Regexps"
    },
    "content": {
      "rendered": "\n<p>You have seen MySQL pattern matching with&nbsp;<strong>LIKE &#8230;%</strong>. MySQL supports another type of pattern matching operation based on the regular expressions and the&nbsp;<strong>REGEXP</strong>&nbsp;operator. If you are aware of PHP or PERL, then it is very simple for you to understand because this matching is same like those scripting the regular expressions.</p>\n\n\n\n<p>Following is the table of pattern, which can be used along with the&nbsp;<strong>REGEXP</strong>&nbsp;operator.</p>\n\n\n\n<pre class=\"wp-block-table\"><table><tbody><tr><th>Pattern</th><th>What the pattern matches</th></tr><tr><td>^</td><td>Beginning of string</td></tr><tr><td>$</td><td>End of string</td></tr><tr><td>.</td><td>Any single character</td></tr><tr><td>[...]</td><td>Any character listed between the square brackets</td></tr><tr><td>[^...]</td><td>Any character not listed between the square brackets</td></tr><tr><td>p1|p2|p3</td><td>Alternation; matches any of the patterns p1, p2, or p3</td></tr><tr><td>*</td><td>Zero or more instances of preceding element</td></tr><tr><td>+</td><td>One or more instances of preceding element</td></tr><tr><td>{n}</td><td>n instances of preceding element</td></tr><tr><td>{m,n}</td><td>m through n instances of preceding element</td></tr></tbody></table></pre>\n\n\n\n<h2>Examples</h2>\n\n\n\n<p>Now based on above table, you can device various type of SQL queries to meet your requirements. Here, I am listing a few for your understanding.</p>\n\n\n\n<p>Consider we have a table called&nbsp;<strong>person_tbl</strong>&nbsp;and it is having a field called&nbsp;<strong>name</strong>&nbsp;−</p>\n\n\n\n<p>Query to find all the names starting with <strong>&#8216;st&#8217;</strong> −</p>\n\n\n\n<pre class=\"wp-block-code\"><code>mysql> SELECT name FROM person_tbl WHERE name REGEXP '^st';\n</code></pre>\n\n\n\n<p>Query to find all the names ending with <strong>&#8216;ok&#8217;</strong> −</p>\n\n\n\n<pre class=\"wp-block-code\"><code>mysql> SELECT name FROM person_tbl WHERE name REGEXP 'ok$';\n</code></pre>\n\n\n\n<p>Query to find all the names, which contain <strong>&#8216;mar&#8217;</strong> −</p>\n\n\n\n<pre class=\"wp-block-code\"><code>mysql> SELECT name FROM person_tbl WHERE name REGEXP 'mar';\n</code></pre>\n\n\n\n<p>Query to find all the names starting with a vowel and ending with <strong>&#8216;ok&#8217;</strong> −</p>\n\n\n\n<pre class=\"wp-block-code\"><code>mysql> SELECT FirstName FROM intque.person_tbl WHERE FirstName REGEXP '^&#91;aeiou].*ok$';</code></pre>\n",
      "protected": false
    },
    "excerpt": {
      "rendered": "<p>You have seen MySQL pattern matching with&nbsp;LIKE &#8230;%. MySQL supports another type of pattern matching operation based on the regular expressions and the&nbsp;REGEXP&nbsp;operator. If you are aware of PHP or PERL, then it is very simple for you to understand because this matching is same like those scripting the regular expressions. Following is the table [&hellip;]</p>\n",
      "protected": false
    },
    "author": 1,
    "featured_media": 0,
    "comment_status": "open",
    "ping_status": "open",
    "sticky": false,
    "template": "",
    "format": "standard",
    "meta": [],
    "categories": [
      27
    ],
    "tags": [],
    "_links": {
      "self": [
        {
          "href": "https://computerprogramming.foobrdigital.com/wp-json/wp/v2/posts/4266"
        }
      ],
      "collection": [
        {
          "href": "https://computerprogramming.foobrdigital.com/wp-json/wp/v2/posts"
        }
      ],
      "about": [
        {
          "href": "https://computerprogramming.foobrdigital.com/wp-json/wp/v2/types/post"
        }
      ],
      "author": [
        {
          "embeddable": true,
          "href": "https://computerprogramming.foobrdigital.com/wp-json/wp/v2/users/1"
        }
      ],
      "replies": [
        {
          "embeddable": true,
          "href": "https://computerprogramming.foobrdigital.com/wp-json/wp/v2/comments?post=4266"
        }
      ],
      "version-history": [
        {
          "count": 0,
          "href": "https://computerprogramming.foobrdigital.com/wp-json/wp/v2/posts/4266/revisions"
        }
      ],
      "wp:attachment": [
        {
          "href": "https://computerprogramming.foobrdigital.com/wp-json/wp/v2/media?parent=4266"
        }
      ],
      "wp:term": [
        {
          "taxonomy": "category",
          "embeddable": true,
          "href": "https://computerprogramming.foobrdigital.com/wp-json/wp/v2/categories?post=4266"
        },
        {
          "taxonomy": "post_tag",
          "embeddable": true,
          "href": "https://computerprogramming.foobrdigital.com/wp-json/wp/v2/tags?post=4266"
        }
      ],
      "curies": [
        {
          "name": "wp",
          "href": "https://api.w.org/{rel}",
          "templated": true
        }
      ]
    }
  },
  {
    "id": 4265,
    "date": "2020-06-15T11:20:59",
    "date_gmt": "2020-06-15T11:20:59",
    "guid": {
      "rendered": "http://php.foobrdigital.com/?p=291"
    },
    "modified": "2020-06-15T11:20:59",
    "modified_gmt": "2020-06-15T11:20:59",
    "slug": "transactions",
    "status": "publish",
    "type": "post",
    "link": "https://computerprogramming.foobrdigital.com/transactions/",
    "title": {
      "rendered": "Transactions"
    },
    "content": {
      "rendered": "\n<p>A transaction is a sequential group of database manipulation operations, which is performed as if it were one single work unit. In other words, a transaction will never be complete unless each individual operation within the group is successful. If any operation within the transaction fails, the entire transaction will fail.</p>\n\n\n\n<p>Practically, you will club many SQL queries into a group and you will execute all of them together as a part of a transaction.</p>\n\n\n\n<h2>Properties of Transactions</h2>\n\n\n\n<p>Transactions have the following four standard properties, usually referred to by the acronym&nbsp;<strong>ACID</strong>&nbsp;−</p>\n\n\n\n<ul><li><strong>Atomicity</strong>&nbsp;− This ensures that all operations within the work unit are completed successfully; otherwise, the transaction is aborted at the point of failure and previous operations are rolled back to their former state.</li><li><strong>Consistency</strong>&nbsp;− This ensures that the database properly changes states upon a successfully committed transaction.</li><li><strong>Isolation</strong>&nbsp;− This enables transactions to operate independently on and transparent to each other.</li><li><strong>Durability</strong>&nbsp;− This ensures that the result or effect of a committed transaction persists in case of a system failure.</li></ul>\n\n\n\n<p>In MySQL, the transactions begin with the statement&nbsp;<strong>BEGIN WORK</strong>&nbsp;and end with either a&nbsp;<strong>COMMIT</strong>&nbsp;or a&nbsp;<strong>ROLLBACK</strong>&nbsp;statement. The SQL commands between the beginning and ending statements form the bulk of the transaction.</p>\n\n\n\n<h2>COMMIT and ROLLBACK</h2>\n\n\n\n<p>These two keywords&nbsp;<strong>Commit</strong>&nbsp;and&nbsp;<strong>Rollback</strong>&nbsp;are mainly used for MySQL Transactions.</p>\n\n\n\n<ul><li>When a successful transaction is completed, the COMMIT command should be issued so that the changes to all involved tables will take effect.</li><li>If a failure occurs, a ROLLBACK command should be issued to return every table referenced in the transaction to its previous state.</li></ul>\n\n\n\n<p>You can control the behavior of a transaction by setting session variable called&nbsp;<strong>AUTOCOMMIT</strong>. If AUTOCOMMIT is set to 1 (the default), then each SQL statement (within a transaction or not) is considered a complete transaction and committed by default when it finishes.</p>\n\n\n\n<p>When AUTOCOMMIT is set to 0, by issuing the&nbsp;<strong>SET AUTOCOMMIT = 0</strong>&nbsp;command, the subsequent series of statements acts like a transaction and no activities are committed until an explicit COMMIT statement is issued.</p>\n\n\n\n<p>You can execute these SQL commands in PHP by using the&nbsp;<strong>mysql_query()</strong>&nbsp;function.</p>\n\n\n\n<h3>A Generic Example on Transaction</h3>\n\n\n\n<p>This sequence of events is independent of the programming language used. The logical path can be created in whichever language you use to create your application.</p>\n\n\n\n<p>You can execute these SQL commands in PHP by using the&nbsp;<strong>mysql_query()</strong>&nbsp;function.</p>\n\n\n\n<ul><li>Begin transaction by issuing the SQL command&nbsp;<strong>BEGIN WORK</strong>.</li><li>Issue one or more SQL commands like SELECT, INSERT, UPDATE or DELETE.</li><li>Check if there is no error and everything is according to your requirement.</li><li>If there is any error, then issue a ROLLBACK command, otherwise issue a COMMIT command.</li></ul>\n\n\n\n<h2>Transaction-Safe Table Types in MySQL</h2>\n\n\n\n<p>You cannot use transactions directly, but for certain exceptions you can. However, they are not safe and guaranteed. If you plan to use transactions in your MySQL programming, then you need to create your tables in a special way. There are many types of tables, which support transactions, but the most popular one is&nbsp;<strong>InnoDB</strong>.</p>\n\n\n\n<p>Support for InnoDB tables requires a specific compilation parameter when compiling MySQL from the source. If your MySQL version does not have InnoDB support, ask your Internet Service Provider to build a version of MySQL with support for InnoDB table types or download and install the&nbsp;<strong>MySQL-Max Binary Distribution</strong>&nbsp;for Windows or Linux/UNIX and work with the table type in a development environment.</p>\n\n\n\n<p>If your MySQL installation supports InnoDB tables, simply add a&nbsp;<strong>TYPE = InnoDB</strong>&nbsp;definition to the table creation statement.</p>\n\n\n\n<p>For example, the following code creates an InnoDB table called <strong>tcount_tbl</strong> −</p>\n\n\n\n<pre class=\"wp-block-code\"><code>root@host# mysql -u root -p password;\nEnter password:*******\n\nmysql> use TUTORIALS;\nDatabase changed\n\nmysql> create table tcount_tbl\n   -> (\n   -> tutorial_author varchar(40) NOT NULL,\n   -> tutorial_count  INT\n   -> ) TYPE = InnoDB;\nQuery OK, 0 rows affected (0.05 sec)</code></pre>\n\n\n\n<p>For more details on InnoDB, you can click on the following link −InnoDB</p>\n\n\n\n<p>You can use other table types like&nbsp;<strong>GEMINI</strong>&nbsp;or&nbsp;<strong>BDB</strong>, but it depends on your installation, whether it supports these two table types or not.</p>\n",
      "protected": false
    },
    "excerpt": {
      "rendered": "<p>A transaction is a sequential group of database manipulation operations, which is performed as if it were one single work unit. In other words, a transaction will never be complete unless each individual operation within the group is successful. If any operation within the transaction fails, the entire transaction will fail. Practically, you will club [&hellip;]</p>\n",
      "protected": false
    },
    "author": 1,
    "featured_media": 0,
    "comment_status": "open",
    "ping_status": "open",
    "sticky": false,
    "template": "",
    "format": "standard",
    "meta": [],
    "categories": [
      27
    ],
    "tags": [],
    "_links": {
      "self": [
        {
          "href": "https://computerprogramming.foobrdigital.com/wp-json/wp/v2/posts/4265"
        }
      ],
      "collection": [
        {
          "href": "https://computerprogramming.foobrdigital.com/wp-json/wp/v2/posts"
        }
      ],
      "about": [
        {
          "href": "https://computerprogramming.foobrdigital.com/wp-json/wp/v2/types/post"
        }
      ],
      "author": [
        {
          "embeddable": true,
          "href": "https://computerprogramming.foobrdigital.com/wp-json/wp/v2/users/1"
        }
      ],
      "replies": [
        {
          "embeddable": true,
          "href": "https://computerprogramming.foobrdigital.com/wp-json/wp/v2/comments?post=4265"
        }
      ],
      "version-history": [
        {
          "count": 0,
          "href": "https://computerprogramming.foobrdigital.com/wp-json/wp/v2/posts/4265/revisions"
        }
      ],
      "wp:attachment": [
        {
          "href": "https://computerprogramming.foobrdigital.com/wp-json/wp/v2/media?parent=4265"
        }
      ],
      "wp:term": [
        {
          "taxonomy": "category",
          "embeddable": true,
          "href": "https://computerprogramming.foobrdigital.com/wp-json/wp/v2/categories?post=4265"
        },
        {
          "taxonomy": "post_tag",
          "embeddable": true,
          "href": "https://computerprogramming.foobrdigital.com/wp-json/wp/v2/tags?post=4265"
        }
      ],
      "curies": [
        {
          "name": "wp",
          "href": "https://api.w.org/{rel}",
          "templated": true
        }
      ]
    }
  },
  {
    "id": 4264,
    "date": "2020-06-15T11:23:37",
    "date_gmt": "2020-06-15T11:23:37",
    "guid": {
      "rendered": "http://php.foobrdigital.com/?p=290"
    },
    "modified": "2020-06-15T11:23:37",
    "modified_gmt": "2020-06-15T11:23:37",
    "slug": "alter-command",
    "status": "publish",
    "type": "post",
    "link": "https://computerprogramming.foobrdigital.com/alter-command/",
    "title": {
      "rendered": "ALTER Command"
    },
    "content": {
      "rendered": "\n<p>The MySQL&nbsp;<strong>ALTER</strong>&nbsp;command is very useful when you want to change a name of your table, any table field or if you want to add or delete an existing column in a table.</p>\n\n\n\n<p>Let us begin with the creation of a table called <strong>testalter_tbl</strong>.</p>\n\n\n\n<pre class=\"wp-block-preformatted\">root@host# mysql -u root -p password;<br>Enter password:*******<br><br>mysql&gt; use TUTORIALS;<br>Database changed<br><br>mysql&gt; create table testalter_tbl<br>   -&gt; (<br>   -&gt; i INT,<br>   -&gt; c CHAR(1)<br>   -&gt; );<br>Query OK, 0 rows affected (0.05 sec)<br>mysql&gt; SHOW COLUMNS FROM testalter_tbl;<br>+-------+---------+------+-----+---------+-------+<br>| Field |  Type   | Null | Key | Default | Extra |<br>+-------+---------+------+-----+---------+-------+<br>|   i   | int(11) | YES  |     |   NULL  |       |<br>|   c   | char(1) | YES  |     |   NULL  |       |<br>+-------+---------+------+-----+---------+-------+<br>2 rows in set (0.00 sec)</pre>\n\n\n\n<h2>Dropping, Adding or Repositioning a Column</h2>\n\n\n\n<p>If you want to drop an existing column i from the above MySQL table, then you will use the <strong>DROP</strong> clause along with the <strong>ALTER</strong> command as shown below −</p>\n\n\n\n<pre class=\"wp-block-code\"><code>mysql> ALTER TABLE testalter_tbl  DROP i;\n</code></pre>\n\n\n\n<p>A&nbsp;<strong>DROP</strong>&nbsp;clause will not work if the column is the only one left in the table.</p>\n\n\n\n<p>To add a column, use ADD and specify the column definition. The following statement restores the <strong>i</strong> column to the testalter_tbl −</p>\n\n\n\n<pre class=\"wp-block-code\"><code>mysql> ALTER TABLE testalter_tbl ADD i INT;\n</code></pre>\n\n\n\n<p>After issuing this statement, testalter will contain the same two columns that it had when you first created the table, but will not have the same structure. This is because there are new columns that are added to the end of the table by default. So even though <strong>i</strong> originally was the first column in mytbl, now it is the last one.</p>\n\n\n\n<pre class=\"wp-block-code\"><code>mysql> SHOW COLUMNS FROM testalter_tbl;\n+-------+---------+------+-----+---------+-------+\n| Field |  Type   | Null | Key | Default | Extra |\n+-------+---------+------+-----+---------+-------+\n|   c   | char(1) | YES  |     |   NULL  |       |\n|   i   | int(11) | YES  |     |   NULL  |       |\n+-------+---------+------+-----+---------+-------+\n2 rows in set (0.00 sec)</code></pre>\n\n\n\n<p>To indicate that you want a column at a specific position within the table, either use FIRST to make it the first column or&nbsp;<strong>AFTER col_name</strong>&nbsp;to indicate that the new column should be placed after the col_name.</p>\n\n\n\n<p>Try the following <strong>ALTER TABLE</strong> statements, using <strong>SHOW COLUMNS</strong> after each one to see what effect each one has −</p>\n\n\n\n<pre class=\"wp-block-code\"><code>ALTER TABLE testalter_tbl DROP i;\nALTER TABLE testalter_tbl ADD i INT FIRST;\nALTER TABLE testalter_tbl DROP i;\nALTER TABLE testalter_tbl ADD i INT AFTER c;</code></pre>\n\n\n\n<p>The FIRST and AFTER specifiers work only with the ADD clause. This means that if you want to reposition an existing column within a table, you first must&nbsp;<strong>DROP</strong>&nbsp;it and then&nbsp;<strong>ADD</strong>&nbsp;it at the new position.</p>\n\n\n\n<h2>Altering (Changing) a Column Definition or a Name</h2>\n\n\n\n<p>To change a column&#8217;s definition, use&nbsp;<strong>MODIFY</strong>&nbsp;or&nbsp;<strong>CHANGE</strong>&nbsp;clause along with the ALTER command.</p>\n\n\n\n<p>For example, to change column <strong>c</strong> from CHAR(1) to CHAR(10), you can use the following command −</p>\n\n\n\n<pre class=\"wp-block-code\"><code>mysql> ALTER TABLE testalter_tbl MODIFY c CHAR(10);\n</code></pre>\n\n\n\n<p>With&nbsp;<strong>CHANGE</strong>, the syntax is a bit different. After the CHANGE keyword, you name the column you want to change, then specify the new definition, which includes the new name.</p>\n\n\n\n<p>Try out the following example −</p>\n\n\n\n<pre class=\"wp-block-code\"><code>mysql> ALTER TABLE testalter_tbl CHANGE i j BIGINT;\n</code></pre>\n\n\n\n<p>If you now use CHANGE to convert <strong>j</strong> from <strong>BIGINT</strong> back to <strong>INT</strong> without changing the column name, the statement will be as shown below −</p>\n\n\n\n<pre class=\"wp-block-code\"><code>mysql> ALTER TABLE testalter_tbl CHANGE j j INT;\n</code></pre>\n\n\n\n<p><strong>The Effect of ALTER TABLE on Null and Default Value Attributes</strong>&nbsp;− When you MODIFY or CHANGE a column, you can also specify whether or not the column can contain NULL values and what its default value is. In fact, if you don&#8217;t do this, MySQL automatically assigns values for these attributes.</p>\n\n\n\n<p>The following code block is an example, where the <strong>NOT NULL</strong> column will have the value as 100 by default.</p>\n\n\n\n<pre class=\"wp-block-code\"><code>mysql> ALTER TABLE testalter_tbl \n   -> MODIFY j BIGINT NOT NULL DEFAULT 100;</code></pre>\n\n\n\n<p>If you don&#8217;t use the above command, then MySQL will fill up NULL values in all the columns.</p>\n\n\n\n<h2>Altering (Changing) a Column&#8217;s Default Value</h2>\n\n\n\n<p>You can change a default value for any column by using the&nbsp;<strong>ALTER</strong>&nbsp;command.</p>\n\n\n\n<p>Try out the following example.</p>\n\n\n\n<pre class=\"wp-block-code\"><code>mysql> ALTER TABLE testalter_tbl ALTER i SET DEFAULT 1000;\nmysql> SHOW COLUMNS FROM testalter_tbl;\n+-------+---------+------+-----+---------+-------+\n| Field |  Type   | Null | Key | Default | Extra |\n+-------+---------+------+-----+---------+-------+\n|   c   | char(1) | YES  |     |   NULL  |       |\n|   i   | int(11) | YES  |     |   1000  |       |\n+-------+---------+------+-----+---------+-------+\n2 rows in set (0.00 sec)</code></pre>\n\n\n\n<p>You can remove the default constraint from any column by using DROP clause along with the <strong>ALTER</strong> command.</p>\n\n\n\n<pre class=\"wp-block-code\"><code>mysql> ALTER TABLE testalter_tbl ALTER i DROP DEFAULT;\nmysql> SHOW COLUMNS FROM testalter_tbl;\n+-------+---------+------+-----+---------+-------+\n| Field |  Type   | Null | Key | Default | Extra |\n+-------+---------+------+-----+---------+-------+\n|   c   | char(1) | YES  |     |   NULL  |       |\n|   i   | int(11) | YES  |     |   NULL  |       |\n+-------+---------+------+-----+---------+-------+\n2 rows in set (0.00 sec)</code></pre>\n\n\n\n<h2>Altering (Changing) a Table Type</h2>\n\n\n\n<p>You can use a table type by using the&nbsp;<strong>TYPE</strong>&nbsp;clause along with the ALTER command. Try out the following example to change the&nbsp;<strong>testalter_tbl</strong>&nbsp;to&nbsp;<strong>MYISAM</strong>&nbsp;table type.</p>\n\n\n\n<p>To find out the current type of a table, use the <strong>SHOW TABLE STATUS</strong> statement.</p>\n\n\n\n<pre class=\"wp-block-code\"><code>mysql> ALTER TABLE testalter_tbl TYPE = MYISAM;\nmysql>  SHOW TABLE STATUS LIKE 'testalter_tbl'\\G\n*************************** 1. row ****************\n           Name: testalter_tbl\n           Type: MyISAM\n     Row_format: Fixed\n           Rows: 0\n Avg_row_length: 0\n    Data_length: 0\nMax_data_length: 25769803775\n   Index_length: 1024\n      Data_free: 0\n Auto_increment: NULL\n    Create_time: 2007-06-03 08:04:36\n    Update_time: 2007-06-03 08:04:36\n     Check_time: NULL\n Create_options:\n        Comment:\n1 row in set (0.00 sec)</code></pre>\n\n\n\n<h2>Renaming (Altering) a Table</h2>\n\n\n\n<p>To rename a table, use the&nbsp;<strong>RENAME</strong>&nbsp;option of the&nbsp;<strong>ALTER TABLE</strong>&nbsp;statement.</p>\n\n\n\n<p>Try out the following example to rename <strong>testalter_tbl</strong> to <strong>alter_tbl</strong>.</p>\n\n\n\n<pre class=\"wp-block-code\"><code>mysql> ALTER TABLE testalter_tbl RENAME TO alter_tbl;\n</code></pre>\n\n\n\n<p>You can use the ALTER command to create and drop the INDEX command on a MySQL file. We will discuss in detail about this command in the next chapter.</p>\n",
      "protected": false
    },
    "excerpt": {
      "rendered": "<p>The MySQL&nbsp;ALTER&nbsp;command is very useful when you want to change a name of your table, any table field or if you want to add or delete an existing column in a table. Let us begin with the creation of a table called testalter_tbl. root@host# mysql -u root -p password;Enter password:*******mysql&gt; use TUTORIALS;Database changedmysql&gt; create table testalter_tbl [&hellip;]</p>\n",
      "protected": false
    },
    "author": 1,
    "featured_media": 0,
    "comment_status": "open",
    "ping_status": "open",
    "sticky": false,
    "template": "",
    "format": "standard",
    "meta": [],
    "categories": [
      27
    ],
    "tags": [],
    "_links": {
      "self": [
        {
          "href": "https://computerprogramming.foobrdigital.com/wp-json/wp/v2/posts/4264"
        }
      ],
      "collection": [
        {
          "href": "https://computerprogramming.foobrdigital.com/wp-json/wp/v2/posts"
        }
      ],
      "about": [
        {
          "href": "https://computerprogramming.foobrdigital.com/wp-json/wp/v2/types/post"
        }
      ],
      "author": [
        {
          "embeddable": true,
          "href": "https://computerprogramming.foobrdigital.com/wp-json/wp/v2/users/1"
        }
      ],
      "replies": [
        {
          "embeddable": true,
          "href": "https://computerprogramming.foobrdigital.com/wp-json/wp/v2/comments?post=4264"
        }
      ],
      "version-history": [
        {
          "count": 0,
          "href": "https://computerprogramming.foobrdigital.com/wp-json/wp/v2/posts/4264/revisions"
        }
      ],
      "wp:attachment": [
        {
          "href": "https://computerprogramming.foobrdigital.com/wp-json/wp/v2/media?parent=4264"
        }
      ],
      "wp:term": [
        {
          "taxonomy": "category",
          "embeddable": true,
          "href": "https://computerprogramming.foobrdigital.com/wp-json/wp/v2/categories?post=4264"
        },
        {
          "taxonomy": "post_tag",
          "embeddable": true,
          "href": "https://computerprogramming.foobrdigital.com/wp-json/wp/v2/tags?post=4264"
        }
      ],
      "curies": [
        {
          "name": "wp",
          "href": "https://api.w.org/{rel}",
          "templated": true
        }
      ]
    }
  },
  {
    "id": 4263,
    "date": "2020-06-15T11:24:38",
    "date_gmt": "2020-06-15T11:24:38",
    "guid": {
      "rendered": "http://php.foobrdigital.com/?p=289"
    },
    "modified": "2020-06-15T11:24:38",
    "modified_gmt": "2020-06-15T11:24:38",
    "slug": "temporary-tables",
    "status": "publish",
    "type": "post",
    "link": "https://computerprogramming.foobrdigital.com/temporary-tables/",
    "title": {
      "rendered": "Temporary Tables"
    },
    "content": {
      "rendered": "\n<p>The temporary tables could be very useful in some cases to keep temporary data. The most important thing that should be known for temporary tables is that they will be deleted when the current client session terminates.</p>\n\n\n\n<h2>What are Temporary Tables?</h2>\n\n\n\n<p>Temporary tables were added in the MySQL Version 3.23. If you use an older version of MySQL than 3.23, you cannot use the temporary tables, but you can use&nbsp;<strong>Heap Tables</strong>.</p>\n\n\n\n<p>As stated earlier, temporary tables will only last as long as the session is alive. If you run the code in a PHP script, the temporary table will be destroyed automatically when the script finishes executing. If you are connected to the MySQL database server through the MySQL client program, then the temporary table will exist until you close the client or manually destroy the table.</p>\n\n\n\n<h3>Example</h3>\n\n\n\n<p>The following program is an example showing you the usage of the temporary table. The same code can be used in PHP scripts using the <strong>mysql_query()</strong> function.</p>\n\n\n\n<pre class=\"wp-block-code\"><code>mysql> CREATE TEMPORARY TABLE SalesSummary (\n   -> product_name VARCHAR(50) NOT NULL\n   -> , total_sales DECIMAL(12,2) NOT NULL DEFAULT 0.00\n   -> , avg_unit_price DECIMAL(7,2) NOT NULL DEFAULT 0.00\n   -> , total_units_sold INT UNSIGNED NOT NULL DEFAULT 0\n);\nQuery OK, 0 rows affected (0.00 sec)\n\nmysql> INSERT INTO SalesSummary\n   -> (product_name, total_sales, avg_unit_price, total_units_sold)\n   -> VALUES\n   -> ('cucumber', 100.25, 90, 2);\n\nmysql> SELECT * FROM SalesSummary;\n+--------------+-------------+----------------+------------------+\n| product_name | total_sales | avg_unit_price | total_units_sold |\n+--------------+-------------+----------------+------------------+\n|   cucumber   |   100.25    |     90.00      |         2        |\n+--------------+-------------+----------------+------------------+\n1 row in set (0.00 sec)</code></pre>\n\n\n\n<p>When you issue a&nbsp;<strong>SHOW TABLES</strong>&nbsp;command, then your temporary table would not be listed out in the list. Now, if you will log out of the MySQL session and then you will issue a&nbsp;<strong>SELECT</strong>&nbsp;command, then you will find no data available in the database. Even your temporary table will not exist.</p>\n\n\n\n<h2>Dropping Temporary Tables</h2>\n\n\n\n<p>By default, all the temporary tables are deleted by MySQL when your database connection gets terminated. Still if you want to delete them in between, then you do so by issuing the&nbsp;<strong>DROP TABLE</strong>&nbsp;command.</p>\n\n\n\n<p>The following program is an example on dropping a temporary table −</p>\n\n\n\n<pre class=\"wp-block-code\"><code>mysql> CREATE TEMPORARY TABLE SalesSummary (\n   -> product_name VARCHAR(50) NOT NULL\n   -> , total_sales DECIMAL(12,2) NOT NULL DEFAULT 0.00\n   -> , avg_unit_price DECIMAL(7,2) NOT NULL DEFAULT 0.00\n   -> , total_units_sold INT UNSIGNED NOT NULL DEFAULT 0\n);\nQuery OK, 0 rows affected (0.00 sec)\n\nmysql> INSERT INTO SalesSummary\n   -> (product_name, total_sales, avg_unit_price, total_units_sold)\n   -> VALUES\n   -> ('cucumber', 100.25, 90, 2);\n\nmysql> SELECT * FROM SalesSummary;\n+--------------+-------------+----------------+------------------+\n| product_name | total_sales | avg_unit_price | total_units_sold |\n+--------------+-------------+----------------+------------------+\n|   cucumber   |   100.25    |     90.00      |         2        |\n+--------------+-------------+----------------+------------------+\n1 row in set (0.00 sec)\nmysql> DROP TABLE SalesSummary;\nmysql>  SELECT * FROM SalesSummary;\nERROR 1146: Table 'TUTORIALS.SalesSummary' doesn't exist</code></pre>\n",
      "protected": false
    },
    "excerpt": {
      "rendered": "<p>The temporary tables could be very useful in some cases to keep temporary data. The most important thing that should be known for temporary tables is that they will be deleted when the current client session terminates. What are Temporary Tables? Temporary tables were added in the MySQL Version 3.23. If you use an older [&hellip;]</p>\n",
      "protected": false
    },
    "author": 1,
    "featured_media": 0,
    "comment_status": "open",
    "ping_status": "open",
    "sticky": false,
    "template": "",
    "format": "standard",
    "meta": [],
    "categories": [
      27
    ],
    "tags": [],
    "_links": {
      "self": [
        {
          "href": "https://computerprogramming.foobrdigital.com/wp-json/wp/v2/posts/4263"
        }
      ],
      "collection": [
        {
          "href": "https://computerprogramming.foobrdigital.com/wp-json/wp/v2/posts"
        }
      ],
      "about": [
        {
          "href": "https://computerprogramming.foobrdigital.com/wp-json/wp/v2/types/post"
        }
      ],
      "author": [
        {
          "embeddable": true,
          "href": "https://computerprogramming.foobrdigital.com/wp-json/wp/v2/users/1"
        }
      ],
      "replies": [
        {
          "embeddable": true,
          "href": "https://computerprogramming.foobrdigital.com/wp-json/wp/v2/comments?post=4263"
        }
      ],
      "version-history": [
        {
          "count": 0,
          "href": "https://computerprogramming.foobrdigital.com/wp-json/wp/v2/posts/4263/revisions"
        }
      ],
      "wp:attachment": [
        {
          "href": "https://computerprogramming.foobrdigital.com/wp-json/wp/v2/media?parent=4263"
        }
      ],
      "wp:term": [
        {
          "taxonomy": "category",
          "embeddable": true,
          "href": "https://computerprogramming.foobrdigital.com/wp-json/wp/v2/categories?post=4263"
        },
        {
          "taxonomy": "post_tag",
          "embeddable": true,
          "href": "https://computerprogramming.foobrdigital.com/wp-json/wp/v2/tags?post=4263"
        }
      ],
      "curies": [
        {
          "name": "wp",
          "href": "https://api.w.org/{rel}",
          "templated": true
        }
      ]
    }
  },
  {
    "id": 4262,
    "date": "2020-06-15T11:25:52",
    "date_gmt": "2020-06-15T11:25:52",
    "guid": {
      "rendered": "http://php.foobrdigital.com/?p=288"
    },
    "modified": "2020-06-15T11:25:52",
    "modified_gmt": "2020-06-15T11:25:52",
    "slug": "clone-tables",
    "status": "publish",
    "type": "post",
    "link": "https://computerprogramming.foobrdigital.com/clone-tables/",
    "title": {
      "rendered": "Clone Tables"
    },
    "content": {
      "rendered": "\n<p>There may be a situation when you need an exact copy of a table and&nbsp;<strong>CREATE TABLE &#8230; SELECT</strong>&nbsp;doesn&#8217;t suit your purposes because the copy must include the same indexes, default values and so forth.</p>\n\n\n\n<p>You can handle this situation by following the steps given below −</p>\n\n\n\n<ul><li>Use SHOW CREATE TABLE to get a CREATE TABLE statement that specifies the source table&#8217;s structure, indexes and all.</li><li>Modify the statement to change the table name to that of the clone table and execute the statement. This way, you will have the exact clone table.</li><li>Optionally, if you need the table contents copied as well, issue an INSERT INTO &#8230; SELECT statement, too.</li></ul>\n\n\n\n<h3>Example</h3>\n\n\n\n<p>Try out the following example to create a clone table for&nbsp;<strong>tutorials_tbl</strong>.</p>\n\n\n\n<p><strong>Step 1</strong> − Get the complete structure about the table.</p>\n\n\n\n<pre class=\"wp-block-code\"><code>mysql> SHOW CREATE TABLE tutorials_tbl \\G;\n*************************** 1. row ***************************\n      Table: tutorials_tbl\nCreate Table: CREATE TABLE `tutorials_tbl` (\n   `tutorial_id` int(11) NOT NULL auto_increment,\n   `tutorial_title` varchar(100) NOT NULL default '',\n   `tutorial_author` varchar(40) NOT NULL default '',\n   `submission_date` date default NULL,\n   PRIMARY KEY  (`tutorial_id`),\n   UNIQUE KEY `AUTHOR_INDEX` (`tutorial_author`)\n) TYPE = MyISAM\n1 row in set (0.00 sec)\n\nERROR:\nNo query specified</code></pre>\n\n\n\n<p><strong>Step 2</strong> − Rename this table and create another table.</p>\n\n\n\n<pre class=\"wp-block-code\"><code>mysql> CREATE TABLE clone_tbl (\n   -> tutorial_id int(11) NOT NULL auto_increment,\n   -> tutorial_title varchar(100) NOT NULL default '',\n   -> tutorial_author varchar(40) NOT NULL default '',\n   -> submission_date date default NULL,\n   -> PRIMARY KEY  (tutorial_id),\n   -> UNIQUE KEY AUTHOR_INDEX (tutorial_author)\n-> ) TYPE = MyISAM;\nQuery OK, 0 rows affected (1.80 sec)</code></pre>\n\n\n\n<p><strong>Step 3</strong> − After executing step 2, you will create a clone table in your database. If you want to copy data from old table then you can do it by using INSERT INTO&#8230; SELECT statement.</p>\n\n\n\n<pre class=\"wp-block-code\"><code>mysql> INSERT INTO clone_tbl (tutorial_id,\n   -> tutorial_title,\n   -> tutorial_author,\n   -> submission_date)\n   \n   -> SELECT tutorial_id,tutorial_title,\n   -> tutorial_author,submission_date\n   -> FROM tutorials_tbl;\nQuery OK, 3 rows affected (0.07 sec)\nRecords: 3  Duplicates: 0  Warnings: 0</code></pre>\n\n\n\n<p>Finally, you will have an exact clone table as you wanted to have.</p>\n",
      "protected": false
    },
    "excerpt": {
      "rendered": "<p>There may be a situation when you need an exact copy of a table and&nbsp;CREATE TABLE &#8230; SELECT&nbsp;doesn&#8217;t suit your purposes because the copy must include the same indexes, default values and so forth. You can handle this situation by following the steps given below − Use SHOW CREATE TABLE to get a CREATE TABLE [&hellip;]</p>\n",
      "protected": false
    },
    "author": 1,
    "featured_media": 0,
    "comment_status": "open",
    "ping_status": "open",
    "sticky": false,
    "template": "",
    "format": "standard",
    "meta": [],
    "categories": [
      27
    ],
    "tags": [],
    "_links": {
      "self": [
        {
          "href": "https://computerprogramming.foobrdigital.com/wp-json/wp/v2/posts/4262"
        }
      ],
      "collection": [
        {
          "href": "https://computerprogramming.foobrdigital.com/wp-json/wp/v2/posts"
        }
      ],
      "about": [
        {
          "href": "https://computerprogramming.foobrdigital.com/wp-json/wp/v2/types/post"
        }
      ],
      "author": [
        {
          "embeddable": true,
          "href": "https://computerprogramming.foobrdigital.com/wp-json/wp/v2/users/1"
        }
      ],
      "replies": [
        {
          "embeddable": true,
          "href": "https://computerprogramming.foobrdigital.com/wp-json/wp/v2/comments?post=4262"
        }
      ],
      "version-history": [
        {
          "count": 0,
          "href": "https://computerprogramming.foobrdigital.com/wp-json/wp/v2/posts/4262/revisions"
        }
      ],
      "wp:attachment": [
        {
          "href": "https://computerprogramming.foobrdigital.com/wp-json/wp/v2/media?parent=4262"
        }
      ],
      "wp:term": [
        {
          "taxonomy": "category",
          "embeddable": true,
          "href": "https://computerprogramming.foobrdigital.com/wp-json/wp/v2/categories?post=4262"
        },
        {
          "taxonomy": "post_tag",
          "embeddable": true,
          "href": "https://computerprogramming.foobrdigital.com/wp-json/wp/v2/tags?post=4262"
        }
      ],
      "curies": [
        {
          "name": "wp",
          "href": "https://api.w.org/{rel}",
          "templated": true
        }
      ]
    }
  },
  {
    "id": 4261,
    "date": "2020-06-15T11:28:27",
    "date_gmt": "2020-06-15T11:28:27",
    "guid": {
      "rendered": "http://php.foobrdigital.com/?p=287"
    },
    "modified": "2020-06-15T11:28:27",
    "modified_gmt": "2020-06-15T11:28:27",
    "slug": "database-export",
    "status": "publish",
    "type": "post",
    "link": "https://computerprogramming.foobrdigital.com/database-export/",
    "title": {
      "rendered": "Database Export"
    },
    "content": {
      "rendered": "\n<p>The simplest way of exporting a table data into a text file is by using the&nbsp;<strong>SELECT&#8230;INTO OUTFILE</strong>&nbsp;statement that exports a query result directly into a file on the server host.</p>\n\n\n\n<h2>Exporting Data with the SELECT &#8230; INTO OUTFILE Statement</h2>\n\n\n\n<p>The syntax for this statement combines a regular <strong>SELECT</strong> command with <strong>INTO OUTFILE filename</strong> at the end. The default output format is the same as it is for the LOAD DATA command. So, the following statement exports the <strong>tutorials_tbl</strong> table into <strong>/tmp/tutorials.txt</strong>as a tab-delimited, linefeed-terminated file.</p>\n\n\n\n<pre class=\"wp-block-code\"><code>mysql> SELECT * FROM tutorials_tbl \n   -> INTO OUTFILE '/tmp/tutorials.txt';</code></pre>\n\n\n\n<p>You can change the output format using various options to indicate how to quote and delimit columns and records. To export the tutorial_tbl table in a CSV format with CRLF-terminated lines, use the following code.</p>\n\n\n\n<pre class=\"wp-block-code\"><code>mysql> SELECT * FROM passwd INTO OUTFILE '/tmp/tutorials.txt'\n   -> FIELDS TERMINATED BY ',' ENCLOSED BY '\"'\n   -> LINES TERMINATED BY '\\r\\n';</code></pre>\n\n\n\n<p>The&nbsp;<strong>SELECT &#8230; INTO OUTFILE</strong>&nbsp;has the following properties −</p>\n\n\n\n<ul><li>The output file is created directly by the MySQL server, so the filename should indicate where you want the file to be written on the server host. There is no LOCAL version of the statement analogous to the&nbsp;<strong>LOCAL</strong>&nbsp;version of&nbsp;<strong>LOAD DATA</strong>.</li><li>You must have the&nbsp;<strong>MySQL FILE</strong>&nbsp;privilege to execute the&nbsp;<strong>SELECT &#8230; INTO</strong>statement.</li><li>The output file must not already exist. This prevents MySQL from clobbering files that may be important.</li><li>You should have a login account on the server host or some way to retrieve the file from that host. Otherwise, the&nbsp;<strong>SELECT &#8230; INTO OUTFILE</strong>&nbsp;command will most likely be of no value to you.</li><li>Under UNIX, the file is created&nbsp;<strong>world readable</strong>&nbsp;and is owned by the MySQL server. This means that although you will be able to read the file, you may not be able to delete it.</li></ul>\n\n\n\n<h2>Exporting Tables as Raw Data</h2>\n\n\n\n<p>The&nbsp;<strong>mysqldump</strong>&nbsp;program is used to copy or back up tables and databases. It can write the table output either as a&nbsp;<strong>Raw Datafile</strong>&nbsp;or as a set of&nbsp;<strong>INSERT</strong>&nbsp;statements that recreate the records in the table.</p>\n\n\n\n<p>To dump a table as a datafile, you must specify a&nbsp;<strong>&#8211;tab</strong>&nbsp;option that indicates the directory, where you want the MySQL server to write the file.</p>\n\n\n\n<p>For example, to dump the <strong>tutorials_tbl</strong> table from the <strong>TUTORIALS</strong> database to a file in the <strong>/tmp</strong> directory, use a command as shown below.</p>\n\n\n\n<pre class=\"wp-block-code\"><code>$ mysqldump -u root -p --no-create-info \\\n   --tab=/tmp tutorials tutorials_tbl\npassword ******</code></pre>\n\n\n\n<h2>Exporting Table Contents or Definitions in SQL Format</h2>\n\n\n\n<p>To export a table in SQL format to a file, use the command shown below.</p>\n\n\n\n<pre class=\"wp-block-code\"><code>$ mysqldump -u root -p TUTORIALS tutorials_tbl > dump.txt\npassword ******</code></pre>\n\n\n\n<p>This will a create file having content as shown below.</p>\n\n\n\n<pre class=\"wp-block-code\"><code>-- MySQL dump 8.23\n--\n-- Host: localhost    Database: TUTORIALS\n---------------------------------------------------------\n-- Server version       3.23.58\n\n--\n-- Table structure for table `tutorials_tbl`\n--\n\nCREATE TABLE tutorials_tbl (\n   tutorial_id int(11) NOT NULL auto_increment,\n   tutorial_title varchar(100) NOT NULL default '',\n   tutorial_author varchar(40) NOT NULL default '',\n   submission_date date default NULL,\n   PRIMARY KEY  (tutorial_id),\n   UNIQUE KEY AUTHOR_INDEX (tutorial_author)\n) TYPE = MyISAM;\n\n--\n-- Dumping data for table `tutorials_tbl`\n--\n\nINSERT INTO tutorials_tbl \n   VALUES (1,'Learn PHP','John Poul','2007-05-24');\nINSERT INTO tutorials_tbl \n   VALUES (2,'Learn MySQL','Abdul S','2007-05-24');\nINSERT INTO tutorials_tbl \n   VALUES (3,'JAVA Tutorial','Sanjay','2007-05-06');</code></pre>\n\n\n\n<p>To dump multiple tables, name them all followed by the database name argument. To dump an entire database, don&#8217;t name any tables after the database as shown in the following code block.</p>\n\n\n\n<pre class=\"wp-block-code\"><code>$ mysqldump -u root -p TUTORIALS > database_dump.txt\npassword ******</code></pre>\n\n\n\n<p>To back up all the databases available on your host, use the following code.</p>\n\n\n\n<pre class=\"wp-block-code\"><code>$ mysqldump -u root -p --all-databases > database_dump.txt\npassword ******</code></pre>\n\n\n\n<p>The &#8211;all-databases option is available in the MySQL 3.23.12 version. This method can be used to implement a database backup strategy.</p>\n\n\n\n<h2>Copying Tables or Databases to Another Host</h2>\n\n\n\n<p>If you want to copy tables or databases from one MySQL server to another, then use the&nbsp;<strong>mysqldump</strong>&nbsp;with database name and table name.</p>\n\n\n\n<p>Run the following command at the source host. This will dump the complete database into <strong>dump.txt</strong> file.</p>\n\n\n\n<pre class=\"wp-block-code\"><code>$ mysqldump -u root -p database_name table_name > dump.txt\npassword *****</code></pre>\n\n\n\n<p>You can copy complete database without using a particular table name as explained above.</p>\n\n\n\n<p>Now, ftp dump.txt file on another host and use the following command. Before running this command, make sure you have created database_name on destination server.</p>\n\n\n\n<pre class=\"wp-block-code\"><code>$ mysql -u root -p database_name &lt; dump.txt\npassword *****</code></pre>\n\n\n\n<p>Another way to accomplish this without using an intermediary file is to send the output of the mysqldump directly over the network to the remote MySQL server. If you can connect to both the servers from the host where the source database resides, use the following command (Make sure you have access on both the servers).</p>\n\n\n\n<pre class=\"wp-block-code\"><code>$ mysqldump -u root -p database_name \\\n   | mysql -h other-host.com database_name</code></pre>\n\n\n\n<p>In mysqldump, half of the command connects to the local server and writes the dump output to the pipe. The remaining half of the command connects to the remote MySQL server on the other-host.com. It reads the pipe for input and sends each statement to the other-host.com server.</p>\n",
      "protected": false
    },
    "excerpt": {
      "rendered": "<p>The simplest way of exporting a table data into a text file is by using the&nbsp;SELECT&#8230;INTO OUTFILE&nbsp;statement that exports a query result directly into a file on the server host. Exporting Data with the SELECT &#8230; INTO OUTFILE Statement The syntax for this statement combines a regular SELECT command with INTO OUTFILE filename at the end. The default output [&hellip;]</p>\n",
      "protected": false
    },
    "author": 1,
    "featured_media": 0,
    "comment_status": "open",
    "ping_status": "open",
    "sticky": false,
    "template": "",
    "format": "standard",
    "meta": [],
    "categories": [
      27
    ],
    "tags": [],
    "_links": {
      "self": [
        {
          "href": "https://computerprogramming.foobrdigital.com/wp-json/wp/v2/posts/4261"
        }
      ],
      "collection": [
        {
          "href": "https://computerprogramming.foobrdigital.com/wp-json/wp/v2/posts"
        }
      ],
      "about": [
        {
          "href": "https://computerprogramming.foobrdigital.com/wp-json/wp/v2/types/post"
        }
      ],
      "author": [
        {
          "embeddable": true,
          "href": "https://computerprogramming.foobrdigital.com/wp-json/wp/v2/users/1"
        }
      ],
      "replies": [
        {
          "embeddable": true,
          "href": "https://computerprogramming.foobrdigital.com/wp-json/wp/v2/comments?post=4261"
        }
      ],
      "version-history": [
        {
          "count": 0,
          "href": "https://computerprogramming.foobrdigital.com/wp-json/wp/v2/posts/4261/revisions"
        }
      ],
      "wp:attachment": [
        {
          "href": "https://computerprogramming.foobrdigital.com/wp-json/wp/v2/media?parent=4261"
        }
      ],
      "wp:term": [
        {
          "taxonomy": "category",
          "embeddable": true,
          "href": "https://computerprogramming.foobrdigital.com/wp-json/wp/v2/categories?post=4261"
        },
        {
          "taxonomy": "post_tag",
          "embeddable": true,
          "href": "https://computerprogramming.foobrdigital.com/wp-json/wp/v2/tags?post=4261"
        }
      ],
      "curies": [
        {
          "name": "wp",
          "href": "https://api.w.org/{rel}",
          "templated": true
        }
      ]
    }
  }
]